operation, threshold, sec, ns, MB, accesses
read, 0, 0, 3402240, 1048576, 65536
read, 0, 0, 3190608, 1048576, 65536
read, 0, 0, 3145934, 1048576, 65536
read, 0, 0, 3189099, 1048576, 65536
read, 0, 0, 3171906, 1048576, 65536
read, 0, 0, 3171387, 1048576, 65536
read, 0, 0, 3187829, 1048576, 65536
read, 0, 0, 3144634, 1048576, 65536
read, 0, 0, 3185399, 1048576, 65536
read, 0, 0, 3179668, 1048576, 65536
read, 0, 0, 3170457, 1048576, 65536
read, 0, 0, 3296560, 1048576, 65536
read, 0, 0, 3130643, 1048576, 65536
read, 0, 0, 3206220, 1048576, 65536
read, 0, 0, 3332703, 1048576, 65536
read, 0, 0, 3154295, 1048576, 65536
read, 0, 0, 3193939, 1048576, 65536
read, 0, 0, 3250105, 1048576, 65536
read, 0, 0, 3172237, 1048576, 65536
read, 0, 0, 3165506, 1048576, 65536
read, 0, 0, 3162026, 1048576, 65536
read, 0, 0, 3151215, 1048576, 65536
read, 0, 0, 3171557, 1048576, 65536
read, 0, 0, 3170217, 1048576, 65536
read, 0, 0, 3260036, 1048576, 65536
read, 0, 0, 3148985, 1048576, 65536
read, 0, 0, 3139734, 1048576, 65536
read, 0, 0, 3179238, 1048576, 65536
read, 0, 0, 3187229, 1048576, 65536
read, 0, 0, 3181708, 1048576, 65536
read, 0, 0, 3171067, 1048576, 65536
read, 0, 0, 3152685, 1048576, 65536
read, 0, 0, 3188118, 1048576, 65536
read, 0, 0, 3176637, 1048576, 65536
read, 0, 0, 3294679, 1048576, 65536
read, 0, 0, 3157686, 1048576, 65536
read, 0, 0, 3368047, 1048576, 65536
read, 0, 0, 3145204, 1048576, 65536
read, 0, 0, 3219041, 1048576, 65536
read, 0, 0, 3154965, 1048576, 65536
read, 0, 0, 3186019, 1048576, 65536
read, 0, 0, 3139964, 1048576, 65536
read, 0, 0, 3177117, 1048576, 65536
read, 0, 0, 3186598, 1048576, 65536
read, 0, 0, 3239723, 1048576, 65536
read, 0, 0, 3205990, 1048576, 65536
read, 0, 0, 3140374, 1048576, 65536
read, 0, 0, 3180557, 1048576, 65536
read, 0, 0, 3171087, 1048576, 65536
read, 0, 0, 3180568, 1048576, 65536
read, 0, 0, 3164206, 1048576, 65536
read, 0, 0, 3154795, 1048576, 65536
read, 0, 0, 3195579, 1048576, 65536
read, 0, 0, 3145664, 1048576, 65536
read, 0, 0, 3163547, 1048576, 65536
read, 0, 0, 3173157, 1048576, 65536
read, 0, 0, 3138654, 1048576, 65536
read, 0, 0, 3177318, 1048576, 65536
read, 0, 0, 3163836, 1048576, 65536
read, 0, 0, 3193479, 1048576, 65536
read, 0, 0, 3281528, 1048576, 65536
read, 0, 0, 3136814, 1048576, 65536
read, 0, 0, 3176227, 1048576, 65536
read, 0, 0, 3178397, 1048576, 65536
read, 0, 0, 3154355, 1048576, 65536
read, 0, 0, 3160866, 1048576, 65536
read, 0, 0, 3162556, 1048576, 65536
read, 0, 0, 3167036, 1048576, 65536
read, 0, 0, 3273577, 1048576, 65536
read, 0, 0, 3238264, 1048576, 65536
read, 0, 0, 3165576, 1048576, 65536
read, 0, 0, 3148004, 1048576, 65536
read, 0, 0, 3165606, 1048576, 65536
read, 0, 0, 3156926, 1048576, 65536
read, 0, 0, 3185068, 1048576, 65536
read, 0, 0, 3150785, 1048576, 65536
read, 0, 0, 3183408, 1048576, 65536
read, 0, 0, 3192339, 1048576, 65536
read, 0, 0, 3165716, 1048576, 65536
read, 0, 0, 3174578, 1048576, 65536
read, 0, 0, 3138433, 1048576, 65536
read, 0, 0, 3244524, 1048576, 65536
read, 0, 0, 3187579, 1048576, 65536
read, 0, 0, 3265907, 1048576, 65536
read, 0, 0, 3152415, 1048576, 65536
read, 0, 0, 3141984, 1048576, 65536
read, 0, 0, 3169296, 1048576, 65536
read, 0, 0, 3183118, 1048576, 65536
read, 0, 0, 3168047, 1048576, 65536
read, 0, 0, 3158796, 1048576, 65536
read, 0, 0, 3146594, 1048576, 65536
read, 0, 0, 3165476, 1048576, 65536
read, 0, 0, 3322722, 1048576, 65536
read, 0, 0, 3157875, 1048576, 65536
read, 0, 0, 3186398, 1048576, 65536
read, 0, 0, 3137674, 1048576, 65536
read, 0, 0, 3179838, 1048576, 65536
read, 0, 0, 3168467, 1048576, 65536
read, 0, 0, 3149415, 1048576, 65536
read, 0, 0, 3171737, 1048576, 65536
read, 1, 0, 5305361, 1048576, 65536
read, 1, 0, 5299639, 1048576, 65536
read, 1, 0, 5331623, 1048576, 65536
read, 1, 0, 5314461, 1048576, 65536
read, 1, 0, 5319122, 1048576, 65536
read, 1, 0, 5328363, 1048576, 65536
read, 1, 0, 5319252, 1048576, 65536
read, 1, 0, 5317491, 1048576, 65536
read, 1, 0, 5349494, 1048576, 65536
read, 1, 0, 5315371, 1048576, 65536
read, 1, 0, 5307630, 1048576, 65536
read, 1, 0, 5323532, 1048576, 65536
read, 1, 0, 5309521, 1048576, 65536
read, 1, 0, 5313161, 1048576, 65536
read, 1, 0, 5349114, 1048576, 65536
read, 1, 0, 5315971, 1048576, 65536
read, 1, 0, 5311291, 1048576, 65536
read, 1, 0, 5318772, 1048576, 65536
read, 1, 0, 5306880, 1048576, 65536
read, 1, 0, 5307330, 1048576, 65536
read, 1, 0, 5325523, 1048576, 65536
read, 1, 0, 5314721, 1048576, 65536
read, 1, 0, 5311051, 1048576, 65536
read, 1, 0, 5350515, 1048576, 65536
read, 1, 0, 5312241, 1048576, 65536
read, 1, 0, 5303960, 1048576, 65536
read, 1, 0, 5331533, 1048576, 65536
read, 1, 0, 5307570, 1048576, 65536
read, 1, 0, 5327012, 1048576, 65536
read, 1, 0, 5328012, 1048576, 65536
read, 1, 0, 5305760, 1048576, 65536
read, 1, 0, 5317361, 1048576, 65536
read, 1, 0, 5339933, 1048576, 65536
read, 1, 0, 5305070, 1048576, 65536
read, 1, 0, 5316771, 1048576, 65536
read, 1, 0, 5321931, 1048576, 65536
read, 1, 0, 5316281, 1048576, 65536
read, 1, 0, 5313341, 1048576, 65536
read, 1, 0, 5322412, 1048576, 65536
read, 1, 0, 5315301, 1048576, 65536
read, 1, 0, 5305781, 1048576, 65536
read, 1, 0, 5326432, 1048576, 65536
read, 1, 0, 5325082, 1048576, 65536
read, 1, 0, 5314311, 1048576, 65536
read, 1, 0, 5327592, 1048576, 65536
read, 1, 0, 5307321, 1048576, 65536
read, 1, 0, 5319201, 1048576, 65536
read, 1, 0, 5309620, 1048576, 65536
read, 1, 0, 5343674, 1048576, 65536
read, 1, 0, 5306940, 1048576, 65536
read, 1, 0, 5315121, 1048576, 65536
read, 1, 0, 5331513, 1048576, 65536
read, 1, 0, 5308891, 1048576, 65536
read, 1, 0, 5306990, 1048576, 65536
read, 1, 0, 5423572, 1048576, 65536
read, 1, 0, 5314791, 1048576, 65536
read, 1, 0, 5315331, 1048576, 65536
read, 1, 0, 5311731, 1048576, 65536
read, 1, 0, 5309681, 1048576, 65536
read, 1, 0, 5306510, 1048576, 65536
read, 1, 0, 5331423, 1048576, 65536
read, 1, 0, 5334883, 1048576, 65536
read, 1, 0, 5306671, 1048576, 65536
read, 1, 0, 5322182, 1048576, 65536
read, 1, 0, 5308921, 1048576, 65536
read, 1, 0, 5312311, 1048576, 65536
read, 1, 0, 5330933, 1048576, 65536
read, 1, 0, 5324802, 1048576, 65536
read, 1, 0, 5316741, 1048576, 65536
read, 1, 0, 5329923, 1048576, 65536
read, 1, 0, 5324932, 1048576, 65536
read, 1, 0, 5319341, 1048576, 65536
read, 1, 0, 5568096, 1048576, 65536
read, 1, 0, 5365576, 1048576, 65536
read, 1, 0, 5330923, 1048576, 65536
read, 1, 0, 5308291, 1048576, 65536
read, 1, 0, 5305850, 1048576, 65536
read, 1, 0, 5321821, 1048576, 65536
read, 1, 0, 5306290, 1048576, 65536
read, 1, 0, 5324722, 1048576, 65536
read, 1, 0, 5330422, 1048576, 65536
read, 1, 0, 5317921, 1048576, 65536
read, 1, 0, 5309370, 1048576, 65536
read, 1, 0, 5325493, 1048576, 65536
read, 1, 0, 5311081, 1048576, 65536
read, 1, 0, 5306280, 1048576, 65536
read, 1, 0, 5315881, 1048576, 65536
read, 1, 0, 5349485, 1048576, 65536
read, 1, 0, 5318471, 1048576, 65536
read, 1, 0, 5327242, 1048576, 65536
read, 1, 0, 5327452, 1048576, 65536
read, 1, 0, 5315171, 1048576, 65536
read, 1, 0, 5306540, 1048576, 65536
read, 1, 0, 5323672, 1048576, 65536
read, 1, 0, 5311370, 1048576, 65536
read, 1, 0, 5306660, 1048576, 65536
read, 1, 0, 5320752, 1048576, 65536
read, 1, 0, 5308900, 1048576, 65536
read, 1, 0, 5323882, 1048576, 65536
read, 1, 0, 5324832, 1048576, 65536
read, 2, 0, 5187799, 1048576, 65536
read, 2, 0, 5196709, 1048576, 65536
read, 2, 0, 5218961, 1048576, 65536
read, 2, 0, 5196090, 1048576, 65536
read, 2, 0, 5202930, 1048576, 65536
read, 2, 0, 5212861, 1048576, 65536
read, 2, 0, 5222332, 1048576, 65536
read, 2, 0, 5195889, 1048576, 65536
read, 2, 0, 5229103, 1048576, 65536
read, 2, 0, 5197370, 1048576, 65536
read, 2, 0, 5188128, 1048576, 65536
read, 2, 0, 5192078, 1048576, 65536
read, 2, 0, 5216331, 1048576, 65536
read, 2, 0, 5202450, 1048576, 65536
read, 2, 0, 5206030, 1048576, 65536
read, 2, 0, 5210081, 1048576, 65536
read, 2, 0, 5188559, 1048576, 65536
read, 2, 0, 5217991, 1048576, 65536
read, 2, 0, 5214691, 1048576, 65536
read, 2, 0, 5202380, 1048576, 65536
read, 2, 0, 5196350, 1048576, 65536
read, 2, 0, 5196179, 1048576, 65536
read, 2, 0, 5213701, 1048576, 65536
read, 2, 0, 5200580, 1048576, 65536
read, 2, 0, 5199020, 1048576, 65536
read, 2, 0, 5213021, 1048576, 65536
read, 2, 0, 5221002, 1048576, 65536
read, 2, 0, 5221792, 1048576, 65536
read, 2, 0, 5220642, 1048576, 65536
read, 2, 0, 5202610, 1048576, 65536
read, 2, 0, 5200020, 1048576, 65536
read, 2, 0, 5210981, 1048576, 65536
read, 2, 0, 5225763, 1048576, 65536
read, 2, 0, 5192639, 1048576, 65536
read, 2, 0, 5203320, 1048576, 65536
read, 2, 0, 5211130, 1048576, 65536
read, 2, 0, 5202950, 1048576, 65536
read, 2, 0, 5221362, 1048576, 65536
read, 2, 0, 5212181, 1048576, 65536
read, 2, 0, 5213371, 1048576, 65536
read, 2, 0, 5209500, 1048576, 65536
read, 2, 0, 5204880, 1048576, 65536
read, 2, 0, 5191729, 1048576, 65536
read, 2, 0, 5192909, 1048576, 65536
read, 2, 0, 5184719, 1048576, 65536
read, 2, 0, 5206890, 1048576, 65536
read, 2, 0, 5211030, 1048576, 65536
read, 2, 0, 5195449, 1048576, 65536
read, 2, 0, 5223812, 1048576, 65536
read, 2, 0, 5204190, 1048576, 65536
read, 2, 0, 5201300, 1048576, 65536
read, 2, 0, 5210801, 1048576, 65536
read, 2, 0, 5192489, 1048576, 65536
read, 2, 0, 5208771, 1048576, 65536
read, 2, 0, 5187959, 1048576, 65536
read, 2, 0, 5214231, 1048576, 65536
read, 2, 0, 5218912, 1048576, 65536
read, 2, 0, 5186058, 1048576, 65536
read, 2, 0, 5214371, 1048576, 65536
read, 2, 0, 5203640, 1048576, 65536
read, 2, 0, 5196739, 1048576, 65536
read, 2, 0, 5227703, 1048576, 65536
read, 2, 0, 5204060, 1048576, 65536
read, 2, 0, 5200410, 1048576, 65536
read, 2, 0, 5198880, 1048576, 65536
read, 2, 0, 5219292, 1048576, 65536
read, 2, 0, 5215021, 1048576, 65536
read, 2, 0, 5205650, 1048576, 65536
read, 2, 0, 5221052, 1048576, 65536
read, 2, 0, 5203030, 1048576, 65536
read, 2, 0, 5205770, 1048576, 65536
read, 2, 0, 5204420, 1048576, 65536
read, 2, 0, 5207210, 1048576, 65536
read, 2, 0, 5196630, 1048576, 65536
read, 2, 0, 5195639, 1048576, 65536
read, 2, 0, 5281117, 1048576, 65536
read, 2, 0, 5207980, 1048576, 65536
read, 2, 0, 5188529, 1048576, 65536
read, 2, 0, 5219912, 1048576, 65536
read, 2, 0, 5196109, 1048576, 65536
read, 2, 0, 5199829, 1048576, 65536
read, 2, 0, 5204200, 1048576, 65536
read, 2, 0, 5201660, 1048576, 65536
read, 2, 0, 5204770, 1048576, 65536
read, 2, 0, 5203670, 1048576, 65536
read, 2, 0, 5225622, 1048576, 65536
read, 2, 0, 5211930, 1048576, 65536
read, 2, 0, 5201890, 1048576, 65536
read, 2, 0, 5209350, 1048576, 65536
read, 2, 0, 5202810, 1048576, 65536
read, 2, 0, 5198940, 1048576, 65536
read, 2, 0, 5220972, 1048576, 65536
read, 2, 0, 5199310, 1048576, 65536
read, 2, 0, 5193979, 1048576, 65536
read, 2, 0, 5232663, 1048576, 65536
read, 2, 0, 5195969, 1048576, 65536
read, 2, 0, 5204580, 1048576, 65536
read, 2, 0, 5206720, 1048576, 65536
read, 2, 0, 5203410, 1048576, 65536
read, 2, 0, 5202479, 1048576, 65536
read, 3, 0, 4909430, 1048576, 65536
read, 3, 0, 4929852, 1048576, 65536
read, 3, 0, 4912471, 1048576, 65536
read, 3, 0, 4916661, 1048576, 65536
read, 3, 0, 4935153, 1048576, 65536
read, 3, 0, 4920122, 1048576, 65536
read, 3, 0, 4953075, 1048576, 65536
read, 3, 0, 4921232, 1048576, 65536
read, 3, 0, 4923241, 1048576, 65536
read, 3, 0, 4916401, 1048576, 65536
read, 3, 0, 4921461, 1048576, 65536
read, 3, 0, 4918261, 1048576, 65536
read, 3, 0, 4902850, 1048576, 65536
read, 3, 0, 4903420, 1048576, 65536
read, 3, 0, 4943004, 1048576, 65536
read, 3, 0, 4920282, 1048576, 65536
read, 3, 0, 4913861, 1048576, 65536
read, 3, 0, 4930383, 1048576, 65536
read, 3, 0, 4913071, 1048576, 65536
read, 3, 0, 4912661, 1048576, 65536
read, 3, 0, 4904851, 1048576, 65536
read, 3, 0, 4905390, 1048576, 65536
read, 3, 0, 4921202, 1048576, 65536
read, 3, 0, 4920071, 1048576, 65536
read, 3, 0, 4918951, 1048576, 65536
read, 3, 0, 4912480, 1048576, 65536
read, 3, 0, 4908060, 1048576, 65536
read, 3, 0, 4943874, 1048576, 65536
read, 3, 0, 4916071, 1048576, 65536
read, 3, 0, 4904840, 1048576, 65536
read, 3, 0, 4901950, 1048576, 65536
read, 3, 0, 4905951, 1048576, 65536
read, 3, 0, 4934073, 1048576, 65536
read, 3, 0, 4914961, 1048576, 65536
read, 3, 0, 4905140, 1048576, 65536
read, 3, 0, 4927053, 1048576, 65536
read, 3, 0, 4914181, 1048576, 65536
read, 3, 0, 4918112, 1048576, 65536
read, 3, 0, 4919402, 1048576, 65536
read, 3, 0, 4894599, 1048576, 65536
read, 3, 0, 4922521, 1048576, 65536
read, 3, 0, 4913560, 1048576, 65536
read, 3, 0, 4901990, 1048576, 65536
read, 3, 0, 4921322, 1048576, 65536
read, 3, 0, 4915681, 1048576, 65536
read, 3, 0, 4975067, 1048576, 65536
read, 3, 0, 4913661, 1048576, 65536
read, 3, 0, 4908440, 1048576, 65536
read, 3, 0, 4922941, 1048576, 65536
read, 3, 0, 4932613, 1048576, 65536
read, 3, 0, 4904870, 1048576, 65536
read, 3, 0, 4900589, 1048576, 65536
read, 3, 0, 4914671, 1048576, 65536
read, 3, 0, 4912431, 1048576, 65536
read, 3, 0, 4909841, 1048576, 65536
read, 3, 0, 4920742, 1048576, 65536
read, 3, 0, 4924362, 1048576, 65536
read, 3, 0, 4907600, 1048576, 65536
read, 3, 0, 4926992, 1048576, 65536
read, 3, 0, 4901880, 1048576, 65536
read, 3, 0, 4924992, 1048576, 65536
read, 3, 0, 4908740, 1048576, 65536
read, 3, 0, 4923072, 1048576, 65536
read, 3, 0, 4912721, 1048576, 65536
read, 3, 0, 4915742, 1048576, 65536
read, 3, 0, 4934093, 1048576, 65536
read, 3, 0, 4925543, 1048576, 65536
read, 3, 0, 4904450, 1048576, 65536
read, 3, 0, 4902870, 1048576, 65536
read, 3, 0, 4921041, 1048576, 65536
read, 3, 0, 4913861, 1048576, 65536
read, 3, 0, 4917862, 1048576, 65536
read, 3, 0, 4927502, 1048576, 65536
read, 3, 0, 4910500, 1048576, 65536
read, 3, 0, 4910510, 1048576, 65536
read, 3, 0, 4928292, 1048576, 65536
read, 3, 0, 4909420, 1048576, 65536
read, 3, 0, 4905790, 1048576, 65536
read, 3, 0, 4916811, 1048576, 65536
read, 3, 0, 4924882, 1048576, 65536
read, 3, 0, 4917332, 1048576, 65536
read, 3, 0, 4921372, 1048576, 65536
read, 3, 0, 4924672, 1048576, 65536
read, 3, 0, 4920981, 1048576, 65536
read, 3, 0, 4943074, 1048576, 65536
read, 3, 0, 4904610, 1048576, 65536
read, 3, 0, 4914061, 1048576, 65536
read, 3, 0, 4912661, 1048576, 65536
read, 3, 0, 4931483, 1048576, 65536
read, 3, 0, 4922952, 1048576, 65536
read, 3, 0, 4906770, 1048576, 65536
read, 3, 0, 4920502, 1048576, 65536
read, 3, 0, 4939334, 1048576, 65536
read, 3, 0, 4930263, 1048576, 65536
read, 3, 0, 4914691, 1048576, 65536
read, 3, 0, 4926182, 1048576, 65536
read, 3, 0, 4928733, 1048576, 65536
read, 3, 0, 4917732, 1048576, 65536
read, 3, 0, 4919872, 1048576, 65536
read, 3, 0, 4914821, 1048576, 65536
read, 4, 0, 4581237, 1048576, 65536
read, 4, 0, 4599319, 1048576, 65536
read, 4, 0, 4577637, 1048576, 65536
read, 4, 0, 4573947, 1048576, 65536
read, 4, 0, 4601300, 1048576, 65536
read, 4, 0, 4618862, 1048576, 65536
read, 4, 0, 4617991, 1048576, 65536
read, 4, 0, 4599189, 1048576, 65536
read, 4, 0, 4577317, 1048576, 65536
read, 4, 0, 4600069, 1048576, 65536
read, 4, 0, 4600659, 1048576, 65536
read, 4, 0, 4617631, 1048576, 65536
read, 4, 0, 4579198, 1048576, 65536
read, 4, 0, 4627183, 1048576, 65536
read, 4, 0, 4603310, 1048576, 65536
read, 4, 0, 4636014, 1048576, 65536
read, 4, 0, 4595999, 1048576, 65536
read, 4, 0, 4607850, 1048576, 65536
read, 4, 0, 4607240, 1048576, 65536
read, 4, 0, 4615131, 1048576, 65536
read, 4, 0, 4601810, 1048576, 65536
read, 4, 0, 4603200, 1048576, 65536
read, 4, 0, 4612791, 1048576, 65536
read, 4, 0, 4592279, 1048576, 65536
read, 4, 0, 4603420, 1048576, 65536
read, 4, 0, 4601760, 1048576, 65536
read, 4, 0, 4570896, 1048576, 65536
read, 4, 0, 4595879, 1048576, 65536
read, 4, 0, 4635363, 1048576, 65536
read, 4, 0, 4621142, 1048576, 65536
read, 4, 0, 4607820, 1048576, 65536
read, 4, 0, 4589658, 1048576, 65536
read, 4, 0, 4617171, 1048576, 65536
read, 4, 0, 4625002, 1048576, 65536
read, 4, 0, 4607370, 1048576, 65536
read, 4, 0, 4627192, 1048576, 65536
read, 4, 0, 4593579, 1048576, 65536
read, 4, 0, 4605980, 1048576, 65536
read, 4, 0, 4589768, 1048576, 65536
read, 4, 0, 4600629, 1048576, 65536
read, 4, 0, 4581748, 1048576, 65536
read, 4, 0, 4636883, 1048576, 65536
read, 4, 0, 4606850, 1048576, 65536
read, 4, 0, 4625863, 1048576, 65536
read, 4, 0, 4598890, 1048576, 65536
read, 4, 0, 4598959, 1048576, 65536
read, 4, 0, 4638943, 1048576, 65536
read, 4, 0, 4594309, 1048576, 65536
read, 4, 0, 4590009, 1048576, 65536
read, 4, 0, 4610061, 1048576, 65536
read, 4, 0, 4613241, 1048576, 65536
read, 4, 0, 4570246, 1048576, 65536
read, 4, 0, 4623342, 1048576, 65536
read, 4, 0, 4613041, 1048576, 65536
read, 4, 0, 4595989, 1048576, 65536
read, 4, 0, 4617381, 1048576, 65536
read, 4, 0, 4581467, 1048576, 65536
read, 4, 0, 4583928, 1048576, 65536
read, 4, 0, 4639524, 1048576, 65536
read, 4, 0, 4600190, 1048576, 65536
read, 4, 0, 4609401, 1048576, 65536
read, 4, 0, 4614901, 1048576, 65536
read, 4, 0, 4588328, 1048576, 65536
read, 4, 0, 4587348, 1048576, 65536
read, 4, 0, 4702700, 1048576, 65536
read, 4, 0, 4638513, 1048576, 65536
read, 4, 0, 4619801, 1048576, 65536
read, 4, 0, 4663506, 1048576, 65536
read, 4, 0, 4601680, 1048576, 65536
read, 4, 0, 4626313, 1048576, 65536
read, 4, 0, 4586618, 1048576, 65536
read, 4, 0, 4661926, 1048576, 65536
read, 4, 0, 4595799, 1048576, 65536
read, 4, 0, 4598909, 1048576, 65536
read, 4, 0, 4630462, 1048576, 65536
read, 4, 0, 4631032, 1048576, 65536
read, 4, 0, 4605450, 1048576, 65536
read, 4, 0, 4624472, 1048576, 65536
read, 4, 0, 4614701, 1048576, 65536
read, 4, 0, 4572787, 1048576, 65536
read, 4, 0, 4644904, 1048576, 65536
read, 4, 0, 4613491, 1048576, 65536
read, 4, 0, 4610900, 1048576, 65536
read, 4, 0, 4594719, 1048576, 65536
read, 4, 0, 4595549, 1048576, 65536
read, 4, 0, 4586828, 1048576, 65536
read, 4, 0, 4614612, 1048576, 65536
read, 4, 0, 4652285, 1048576, 65536
read, 4, 0, 4608041, 1048576, 65536
read, 4, 0, 4626512, 1048576, 65536
read, 4, 0, 4630972, 1048576, 65536
read, 4, 0, 4586198, 1048576, 65536
read, 4, 0, 4609851, 1048576, 65536
read, 4, 0, 4609331, 1048576, 65536
read, 4, 0, 4596490, 1048576, 65536
read, 4, 0, 4613241, 1048576, 65536
read, 4, 0, 4606631, 1048576, 65536
read, 4, 0, 4600440, 1048576, 65536
read, 4, 0, 4591879, 1048576, 65536
read, 4, 0, 4592599, 1048576, 65536
read, 5, 0, 3169546, 1048576, 65536
read, 5, 0, 3172977, 1048576, 65536
read, 5, 0, 3157446, 1048576, 65536
read, 5, 0, 3150035, 1048576, 65536
read, 5, 0, 3167617, 1048576, 65536
read, 5, 0, 3186278, 1048576, 65536
read, 5, 0, 3176327, 1048576, 65536
read, 5, 0, 3241263, 1048576, 65536
read, 5, 0, 3145134, 1048576, 65536
read, 5, 0, 3174068, 1048576, 65536
read, 5, 0, 3157285, 1048576, 65536
read, 5, 0, 3153995, 1048576, 65536
read, 5, 0, 3160956, 1048576, 65536
read, 5, 0, 3242804, 1048576, 65536
read, 5, 0, 3132933, 1048576, 65536
read, 5, 0, 3180808, 1048576, 65536
read, 5, 0, 3206651, 1048576, 65536
read, 5, 0, 3160826, 1048576, 65536
read, 5, 0, 3176518, 1048576, 65536
read, 5, 0, 3143444, 1048576, 65536
read, 5, 0, 3177657, 1048576, 65536
read, 5, 0, 3156716, 1048576, 65536
read, 5, 0, 3281578, 1048576, 65536
read, 5, 0, 3145625, 1048576, 65536
read, 5, 0, 3221692, 1048576, 65536
read, 5, 0, 3186309, 1048576, 65536
read, 5, 0, 3166406, 1048576, 65536
read, 5, 0, 3170917, 1048576, 65536
read, 5, 0, 3174287, 1048576, 65536
read, 5, 0, 3139383, 1048576, 65536
read, 5, 0, 3514492, 1048576, 65536
read, 5, 0, 3167446, 1048576, 65536
read, 5, 0, 3190619, 1048576, 65536
read, 5, 0, 3155205, 1048576, 65536
read, 5, 0, 3141514, 1048576, 65536
read, 5, 0, 3174407, 1048576, 65536
read, 5, 0, 3162156, 1048576, 65536
read, 5, 0, 3210791, 1048576, 65536
read, 5, 0, 3155795, 1048576, 65536
read, 5, 0, 3165576, 1048576, 65536
read, 5, 0, 3171027, 1048576, 65536
read, 5, 0, 3288829, 1048576, 65536
read, 5, 0, 3148635, 1048576, 65536
read, 5, 0, 3182198, 1048576, 65536
read, 5, 0, 3138083, 1048576, 65536
read, 5, 0, 3181747, 1048576, 65536
read, 5, 0, 3164566, 1048576, 65536
read, 5, 0, 3189899, 1048576, 65536
read, 5, 0, 3137183, 1048576, 65536
read, 5, 0, 3181118, 1048576, 65536
read, 5, 0, 3173907, 1048576, 65536
read, 5, 0, 3181988, 1048576, 65536
read, 5, 0, 3177958, 1048576, 65536
read, 5, 0, 3134083, 1048576, 65536
read, 5, 0, 3172077, 1048576, 65536
read, 5, 0, 3161656, 1048576, 65536
read, 5, 0, 3159126, 1048576, 65536
read, 5, 0, 3163316, 1048576, 65536
read, 5, 0, 3301410, 1048576, 65536
read, 5, 0, 3213961, 1048576, 65536
read, 5, 0, 3143735, 1048576, 65536
read, 5, 0, 3174987, 1048576, 65536
read, 5, 0, 3151124, 1048576, 65536
read, 5, 0, 3138123, 1048576, 65536
read, 5, 0, 3199509, 1048576, 65536
read, 5, 0, 3147644, 1048576, 65536
read, 5, 0, 3170227, 1048576, 65536
read, 5, 0, 3156745, 1048576, 65536
read, 5, 0, 3164036, 1048576, 65536
read, 5, 0, 3197850, 1048576, 65536
read, 5, 0, 3270607, 1048576, 65536
read, 5, 0, 3175657, 1048576, 65536
read, 5, 0, 3152855, 1048576, 65536
read, 5, 0, 3172717, 1048576, 65536
read, 5, 0, 3171056, 1048576, 65536
read, 5, 0, 3166316, 1048576, 65536
read, 5, 0, 3162946, 1048576, 65536
read, 5, 0, 3160306, 1048576, 65536
read, 5, 0, 3160036, 1048576, 65536
read, 5, 0, 3163256, 1048576, 65536
read, 5, 0, 3168296, 1048576, 65536
read, 5, 0, 3167077, 1048576, 65536
read, 5, 0, 3273857, 1048576, 65536
read, 5, 0, 3170277, 1048576, 65536
read, 5, 0, 3205190, 1048576, 65536
read, 5, 0, 3211471, 1048576, 65536
read, 5, 0, 3157715, 1048576, 65536
read, 5, 0, 3148224, 1048576, 65536
read, 5, 0, 3143994, 1048576, 65536
read, 5, 0, 3321992, 1048576, 65536
read, 5, 0, 3159516, 1048576, 65536
read, 5, 0, 3160786, 1048576, 65536
read, 5, 0, 3248545, 1048576, 65536
read, 5, 0, 3132473, 1048576, 65536
read, 5, 0, 3189968, 1048576, 65536
read, 5, 0, 3153195, 1048576, 65536
read, 5, 0, 3159066, 1048576, 65536
read, 5, 0, 3147275, 1048576, 65536
read, 5, 0, 3199160, 1048576, 65536
read, 5, 0, 3185338, 1048576, 65536
read, 6, 0, 3161616, 1048576, 65536
read, 6, 0, 3179178, 1048576, 65536
read, 6, 0, 3126322, 1048576, 65536
read, 6, 0, 3257845, 1048576, 65536
read, 6, 0, 3160835, 1048576, 65536
read, 6, 0, 3167496, 1048576, 65536
read, 6, 0, 3298679, 1048576, 65536
read, 6, 0, 3143014, 1048576, 65536
read, 6, 0, 3187048, 1048576, 65536
read, 6, 0, 3180208, 1048576, 65536
read, 6, 0, 3157165, 1048576, 65536
read, 6, 0, 3164406, 1048576, 65536
read, 6, 0, 3254936, 1048576, 65536
read, 6, 0, 3156965, 1048576, 65536
read, 6, 0, 3174367, 1048576, 65536
read, 6, 0, 3160876, 1048576, 65536
read, 6, 0, 3193239, 1048576, 65536
read, 6, 0, 3136743, 1048576, 65536
read, 6, 0, 3175177, 1048576, 65536
read, 6, 0, 3155385, 1048576, 65536
read, 6, 0, 3167516, 1048576, 65536
read, 6, 0, 3158285, 1048576, 65536
read, 6, 0, 3153985, 1048576, 65536
read, 6, 0, 3178028, 1048576, 65536
read, 6, 0, 3158195, 1048576, 65536
read, 6, 0, 3185578, 1048576, 65536
read, 6, 0, 3155286, 1048576, 65536
read, 6, 0, 3178578, 1048576, 65536
read, 6, 0, 3167356, 1048576, 65536
read, 6, 0, 3175467, 1048576, 65536
read, 6, 0, 3154996, 1048576, 65536
read, 6, 0, 3142304, 1048576, 65536
read, 6, 0, 3162536, 1048576, 65536
read, 6, 0, 3170386, 1048576, 65536
read, 6, 0, 3168266, 1048576, 65536
read, 6, 0, 3315701, 1048576, 65536
read, 6, 0, 3156336, 1048576, 65536
read, 6, 0, 3193109, 1048576, 65536
read, 6, 0, 3154565, 1048576, 65536
read, 6, 0, 3161356, 1048576, 65536
read, 6, 0, 3154125, 1048576, 65536
read, 6, 0, 3239283, 1048576, 65536
read, 6, 0, 3164916, 1048576, 65536
read, 6, 0, 3166227, 1048576, 65536
read, 6, 0, 3173047, 1048576, 65536
read, 6, 0, 3283988, 1048576, 65536
read, 6, 0, 3137844, 1048576, 65536
read, 6, 0, 3212671, 1048576, 65536
read, 6, 0, 3161756, 1048576, 65536
read, 6, 0, 3161776, 1048576, 65536
read, 6, 0, 3194779, 1048576, 65536
read, 6, 0, 3135624, 1048576, 65536
read, 6, 0, 3177548, 1048576, 65536
read, 6, 0, 3164526, 1048576, 65536
read, 6, 0, 3163407, 1048576, 65536
read, 6, 0, 3220632, 1048576, 65536
read, 6, 0, 3126953, 1048576, 65536
read, 6, 0, 3172157, 1048576, 65536
read, 6, 0, 3151555, 1048576, 65536
read, 6, 0, 3412081, 1048576, 65536
read, 6, 0, 3155375, 1048576, 65536
read, 6, 0, 3142104, 1048576, 65536
read, 6, 0, 3236723, 1048576, 65536
read, 6, 0, 3198080, 1048576, 65536
read, 6, 0, 3143484, 1048576, 65536
read, 6, 0, 3159395, 1048576, 65536
read, 6, 0, 3146894, 1048576, 65536
read, 6, 0, 3174568, 1048576, 65536
read, 6, 0, 3193209, 1048576, 65536
read, 6, 0, 3164417, 1048576, 65536
read, 6, 0, 3204860, 1048576, 65536
read, 6, 0, 3139143, 1048576, 65536
read, 6, 0, 3161176, 1048576, 65536
read, 6, 0, 3256335, 1048576, 65536
read, 6, 0, 3153586, 1048576, 65536
read, 6, 0, 3367226, 1048576, 65536
read, 6, 0, 3145584, 1048576, 65536
read, 6, 0, 3174577, 1048576, 65536
read, 6, 0, 3254775, 1048576, 65536
read, 6, 0, 3159576, 1048576, 65536
read, 6, 0, 3151334, 1048576, 65536
read, 6, 0, 3358475, 1048576, 65536
read, 6, 0, 3185688, 1048576, 65536
read, 6, 0, 3166456, 1048576, 65536
read, 6, 0, 3184508, 1048576, 65536
read, 6, 0, 3159356, 1048576, 65536
read, 6, 0, 3167107, 1048576, 65536
read, 6, 0, 3158215, 1048576, 65536
read, 6, 0, 3175377, 1048576, 65536
read, 6, 0, 3158926, 1048576, 65536
read, 6, 0, 3157306, 1048576, 65536
read, 6, 0, 3167037, 1048576, 65536
read, 6, 0, 3165226, 1048576, 65536
read, 6, 0, 3173587, 1048576, 65536
read, 6, 0, 3155815, 1048576, 65536
read, 6, 0, 3156315, 1048576, 65536
read, 6, 0, 3160176, 1048576, 65536
read, 6, 0, 3170907, 1048576, 65536
read, 6, 0, 3169926, 1048576, 65536
read, 6, 0, 3200400, 1048576, 65536
read, 7, 0, 3129263, 1048576, 65536
read, 7, 0, 3335503, 1048576, 65536
read, 7, 0, 3171467, 1048576, 65536
read, 7, 0, 3195779, 1048576, 65536
read, 7, 0, 3152885, 1048576, 65536
read, 7, 0, 3141204, 1048576, 65536
read, 7, 0, 3177638, 1048576, 65536
read, 7, 0, 3155245, 1048576, 65536
read, 7, 0, 3270747, 1048576, 65536
read, 7, 0, 3254875, 1048576, 65536
read, 7, 0, 3381887, 1048576, 65536
read, 7, 0, 3127492, 1048576, 65536
read, 7, 0, 3176397, 1048576, 65536
read, 7, 0, 3167717, 1048576, 65536
read, 7, 0, 3281958, 1048576, 65536
read, 7, 0, 3163856, 1048576, 65536
read, 7, 0, 3135343, 1048576, 65536
read, 7, 0, 3163516, 1048576, 65536
read, 7, 0, 3176827, 1048576, 65536
read, 7, 0, 3154605, 1048576, 65536
read, 7, 0, 3140564, 1048576, 65536
read, 7, 0, 3182638, 1048576, 65536
read, 7, 0, 3159686, 1048576, 65536
read, 7, 0, 3240334, 1048576, 65536
read, 7, 0, 3181488, 1048576, 65536
read, 7, 0, 3134344, 1048576, 65536
read, 7, 0, 3178067, 1048576, 65536
read, 7, 0, 3177187, 1048576, 65536
read, 7, 0, 3165296, 1048576, 65536
read, 7, 0, 3152385, 1048576, 65536
read, 7, 0, 3144584, 1048576, 65536
read, 7, 0, 3262466, 1048576, 65536
read, 7, 0, 3182378, 1048576, 65536
read, 7, 0, 3182128, 1048576, 65536
read, 7, 0, 3165827, 1048576, 65536
read, 7, 0, 3174857, 1048576, 65536
read, 7, 0, 3214522, 1048576, 65536
read, 7, 0, 3146904, 1048576, 65536
read, 7, 0, 3186048, 1048576, 65536
read, 7, 0, 3149544, 1048576, 65536
read, 7, 0, 3128612, 1048576, 65536
read, 7, 0, 3182598, 1048576, 65536
read, 7, 0, 3179358, 1048576, 65536
read, 7, 0, 3171147, 1048576, 65536
read, 7, 0, 3169827, 1048576, 65536
read, 7, 0, 3180078, 1048576, 65536
read, 7, 0, 3157876, 1048576, 65536
read, 7, 0, 3280668, 1048576, 65536
read, 7, 0, 3175928, 1048576, 65536
read, 7, 0, 3153825, 1048576, 65536
read, 7, 0, 3143345, 1048576, 65536
read, 7, 0, 3364976, 1048576, 65536
read, 7, 0, 3160196, 1048576, 65536
read, 7, 0, 3164306, 1048576, 65536
read, 7, 0, 3156785, 1048576, 65536
read, 7, 0, 3155655, 1048576, 65536
read, 7, 0, 3171647, 1048576, 65536
read, 7, 0, 3156255, 1048576, 65536
read, 7, 0, 3165307, 1048576, 65536
read, 7, 0, 3141464, 1048576, 65536
read, 7, 0, 3179558, 1048576, 65536
read, 7, 0, 3165307, 1048576, 65536
read, 7, 0, 3244134, 1048576, 65536
read, 7, 0, 3163977, 1048576, 65536
read, 7, 0, 3138773, 1048576, 65536
read, 7, 0, 3169656, 1048576, 65536
read, 7, 0, 3191939, 1048576, 65536
read, 7, 0, 3179678, 1048576, 65536
read, 7, 0, 3170917, 1048576, 65536
read, 7, 0, 3226523, 1048576, 65536
read, 7, 0, 3185138, 1048576, 65536
read, 7, 0, 3169416, 1048576, 65536
read, 7, 0, 3165296, 1048576, 65536
read, 7, 0, 3157385, 1048576, 65536
read, 7, 0, 3146165, 1048576, 65536
read, 7, 0, 3194909, 1048576, 65536
read, 7, 0, 3159785, 1048576, 65536
read, 7, 0, 3172507, 1048576, 65536
read, 7, 0, 3153215, 1048576, 65536
read, 7, 0, 3152575, 1048576, 65536
read, 7, 0, 3169956, 1048576, 65536
read, 7, 0, 3164466, 1048576, 65536
read, 7, 0, 3181098, 1048576, 65536
read, 7, 0, 3386578, 1048576, 65536
read, 7, 0, 3136654, 1048576, 65536
read, 7, 0, 3173417, 1048576, 65536
read, 7, 0, 3158636, 1048576, 65536
read, 7, 0, 3159085, 1048576, 65536
read, 7, 0, 3154275, 1048576, 65536
read, 7, 0, 3146644, 1048576, 65536
read, 7, 0, 3429002, 1048576, 65536
read, 7, 0, 3165076, 1048576, 65536
read, 7, 0, 3163116, 1048576, 65536
read, 7, 0, 3162356, 1048576, 65536
read, 7, 0, 3146304, 1048576, 65536
read, 7, 0, 3202840, 1048576, 65536
read, 7, 0, 3173687, 1048576, 65536
read, 7, 0, 3186178, 1048576, 65536
read, 7, 0, 3172647, 1048576, 65536
read, 7, 0, 3247714, 1048576, 65536
read, 8, 0, 3287409, 1048576, 65536
read, 8, 0, 3227603, 1048576, 65536
read, 8, 0, 3155505, 1048576, 65536
read, 8, 0, 3218721, 1048576, 65536
read, 8, 0, 3142524, 1048576, 65536
read, 8, 0, 3177248, 1048576, 65536
read, 8, 0, 3187939, 1048576, 65536
read, 8, 0, 3159996, 1048576, 65536
read, 8, 0, 3164146, 1048576, 65536
read, 8, 0, 3190699, 1048576, 65536
read, 8, 0, 3195399, 1048576, 65536
read, 8, 0, 3183228, 1048576, 65536
read, 8, 0, 3200559, 1048576, 65536
read, 8, 0, 3156165, 1048576, 65536
read, 8, 0, 3313652, 1048576, 65536
read, 8, 0, 3161386, 1048576, 65536
read, 8, 0, 3186939, 1048576, 65536
read, 8, 0, 3156235, 1048576, 65536
read, 8, 0, 3242774, 1048576, 65536
read, 8, 0, 3132353, 1048576, 65536
read, 8, 0, 3414932, 1048576, 65536
read, 8, 0, 3178598, 1048576, 65536
read, 8, 0, 3165506, 1048576, 65536
read, 8, 0, 3160775, 1048576, 65536
read, 8, 0, 3348574, 1048576, 65536
read, 8, 0, 3169316, 1048576, 65536
read, 8, 0, 3174117, 1048576, 65536
read, 8, 0, 3164386, 1048576, 65536
read, 8, 0, 3161226, 1048576, 65536
read, 8, 0, 3243104, 1048576, 65536
read, 8, 0, 3138604, 1048576, 65536
read, 8, 0, 3215522, 1048576, 65536
read, 8, 0, 3169327, 1048576, 65536
read, 8, 0, 3160896, 1048576, 65536
read, 8, 0, 3143354, 1048576, 65536
read, 8, 0, 3180597, 1048576, 65536
read, 8, 0, 3165466, 1048576, 65536
read, 8, 0, 3162686, 1048576, 65536
read, 8, 0, 3206010, 1048576, 65536
read, 8, 0, 3129712, 1048576, 65536
read, 8, 0, 3176547, 1048576, 65536
read, 8, 0, 3172217, 1048576, 65536
read, 8, 0, 3166016, 1048576, 65536
read, 8, 0, 3160966, 1048576, 65536
read, 8, 0, 3144175, 1048576, 65536
read, 8, 0, 3176407, 1048576, 65536
read, 8, 0, 3178037, 1048576, 65536
read, 8, 0, 3171256, 1048576, 65536
read, 8, 0, 3162826, 1048576, 65536
read, 8, 0, 3157496, 1048576, 65536
read, 8, 0, 3172607, 1048576, 65536
read, 8, 0, 3165527, 1048576, 65536
read, 8, 0, 3156835, 1048576, 65536
read, 8, 0, 3147254, 1048576, 65536
read, 8, 0, 3183768, 1048576, 65536
read, 8, 0, 3159626, 1048576, 65536
read, 8, 0, 3148915, 1048576, 65536
read, 8, 0, 3162716, 1048576, 65536
read, 8, 0, 3151685, 1048576, 65536
read, 8, 0, 3252895, 1048576, 65536
read, 8, 0, 3150135, 1048576, 65536
read, 8, 0, 3181258, 1048576, 65536
read, 8, 0, 3159026, 1048576, 65536
read, 8, 0, 3180628, 1048576, 65536
read, 8, 0, 3173957, 1048576, 65536
read, 8, 0, 3173417, 1048576, 65536
read, 8, 0, 3183138, 1048576, 65536
read, 8, 0, 3151735, 1048576, 65536
read, 8, 0, 3143304, 1048576, 65536
read, 8, 0, 3158985, 1048576, 65536
read, 8, 0, 3166356, 1048576, 65536
read, 8, 0, 3184709, 1048576, 65536
read, 8, 0, 3137163, 1048576, 65536
read, 8, 0, 3377137, 1048576, 65536
read, 8, 0, 3156395, 1048576, 65536
read, 8, 0, 3286969, 1048576, 65536
read, 8, 0, 3152715, 1048576, 65536
read, 8, 0, 3149475, 1048576, 65536
read, 8, 0, 3143474, 1048576, 65536
read, 8, 0, 3169787, 1048576, 65536
read, 8, 0, 3171417, 1048576, 65536
read, 8, 0, 3158686, 1048576, 65536
read, 8, 0, 3140324, 1048576, 65536
read, 8, 0, 3182458, 1048576, 65536
read, 8, 0, 3197659, 1048576, 65536
read, 8, 0, 3159115, 1048576, 65536
read, 8, 0, 3325602, 1048576, 65536
read, 8, 0, 3129953, 1048576, 65536
read, 8, 0, 3167857, 1048576, 65536
read, 8, 0, 3190219, 1048576, 65536
read, 8, 0, 3279668, 1048576, 65536
read, 8, 0, 3148545, 1048576, 65536
read, 8, 0, 3258656, 1048576, 65536
read, 8, 0, 3173017, 1048576, 65536
read, 8, 0, 3183838, 1048576, 65536
read, 8, 0, 3250115, 1048576, 65536
read, 8, 0, 3190249, 1048576, 65536
read, 8, 0, 3160315, 1048576, 65536
read, 8, 0, 3182048, 1048576, 65536
read, 8, 0, 3172087, 1048576, 65536
