operation, active cores, seconds, nanoseconds, bytes, iterations, budget
write, 0, 0, 693079, 131072, 8192, 20
write, 0, 0, 681338, 131072, 8192, 20
write, 0, 0, 681358, 131072, 8192, 20
write, 0, 0, 681368, 131072, 8192, 20
write, 0, 0, 691479, 131072, 8192, 20
write, 0, 0, 681338, 131072, 8192, 20
write, 0, 0, 681368, 131072, 8192, 20
write, 0, 0, 681368, 131072, 8192, 20
write, 0, 0, 681358, 131072, 8192, 20
write, 0, 0, 681358, 131072, 8192, 20
write, 0, 0, 687149, 131072, 8192, 20
write, 0, 0, 681348, 131072, 8192, 20
write, 0, 0, 681348, 131072, 8192, 20
write, 0, 0, 681358, 131072, 8192, 20
write, 0, 0, 681368, 131072, 8192, 20
write, 0, 0, 681358, 131072, 8192, 20
write, 0, 0, 686779, 131072, 8192, 20
write, 0, 0, 681338, 131072, 8192, 20
write, 0, 0, 681369, 131072, 8192, 20
write, 0, 0, 681358, 131072, 8192, 20
write, 0, 0, 681368, 131072, 8192, 20
write, 0, 0, 681368, 131072, 8192, 20
write, 0, 0, 686339, 131072, 8192, 20
write, 0, 0, 681338, 131072, 8192, 20
write, 0, 0, 681348, 131072, 8192, 20
write, 0, 0, 681358, 131072, 8192, 20
write, 0, 0, 681368, 131072, 8192, 20
write, 0, 0, 686739, 131072, 8192, 20
write, 0, 0, 681369, 131072, 8192, 20
write, 0, 0, 681358, 131072, 8192, 20
write, 0, 0, 681368, 131072, 8192, 20
write, 0, 0, 681368, 131072, 8192, 20
write, 0, 0, 681358, 131072, 8192, 20
write, 0, 0, 686249, 131072, 8192, 20
write, 0, 0, 681338, 131072, 8192, 20
write, 0, 0, 681348, 131072, 8192, 20
write, 0, 0, 681358, 131072, 8192, 20
write, 0, 0, 681359, 131072, 8192, 20
write, 0, 0, 681358, 131072, 8192, 20
write, 0, 0, 687899, 131072, 8192, 20
write, 0, 0, 681348, 131072, 8192, 20
write, 0, 0, 681358, 131072, 8192, 20
write, 0, 0, 681368, 131072, 8192, 20
write, 0, 0, 681358, 131072, 8192, 20
write, 0, 0, 681368, 131072, 8192, 20
write, 0, 0, 686609, 131072, 8192, 20
write, 0, 0, 681358, 131072, 8192, 20
write, 0, 0, 681358, 131072, 8192, 20
write, 0, 0, 681358, 131072, 8192, 20
write, 0, 0, 681359, 131072, 8192, 20
write, 0, 0, 681368, 131072, 8192, 20
write, 0, 0, 686489, 131072, 8192, 20
write, 0, 0, 681348, 131072, 8192, 20
write, 0, 0, 681358, 131072, 8192, 20
write, 0, 0, 681368, 131072, 8192, 20
write, 0, 0, 681358, 131072, 8192, 20
write, 0, 0, 681368, 131072, 8192, 20
write, 0, 0, 686459, 131072, 8192, 20
write, 0, 0, 681368, 131072, 8192, 20
write, 0, 0, 681369, 131072, 8192, 20
write, 0, 0, 681358, 131072, 8192, 20
write, 0, 0, 681358, 131072, 8192, 20
write, 0, 0, 686458, 131072, 8192, 20
write, 0, 0, 681339, 131072, 8192, 20
write, 0, 0, 681358, 131072, 8192, 20
write, 0, 0, 681358, 131072, 8192, 20
write, 0, 0, 681358, 131072, 8192, 20
write, 0, 0, 681358, 131072, 8192, 20
write, 0, 0, 686359, 131072, 8192, 20
write, 0, 0, 681348, 131072, 8192, 20
write, 0, 0, 681348, 131072, 8192, 20
write, 0, 0, 681348, 131072, 8192, 20
write, 0, 0, 681348, 131072, 8192, 20
write, 0, 0, 681358, 131072, 8192, 20
write, 0, 0, 694690, 131072, 8192, 20
write, 0, 0, 681368, 131072, 8192, 20
write, 0, 0, 681359, 131072, 8192, 20
write, 0, 0, 681358, 131072, 8192, 20
write, 0, 0, 681368, 131072, 8192, 20
write, 0, 0, 681358, 131072, 8192, 20
write, 0, 0, 687309, 131072, 8192, 20
write, 0, 0, 681358, 131072, 8192, 20
write, 0, 0, 681369, 131072, 8192, 20
write, 0, 0, 681368, 131072, 8192, 20
write, 0, 0, 681358, 131072, 8192, 20
write, 0, 0, 681358, 131072, 8192, 20
write, 0, 0, 686599, 131072, 8192, 20
write, 0, 0, 681368, 131072, 8192, 20
write, 0, 0, 681358, 131072, 8192, 20
write, 0, 0, 681358, 131072, 8192, 20
write, 0, 0, 681368, 131072, 8192, 20
write, 0, 0, 681368, 131072, 8192, 20
write, 0, 0, 686079, 131072, 8192, 20
write, 0, 0, 681348, 131072, 8192, 20
write, 0, 0, 681348, 131072, 8192, 20
write, 0, 0, 681368, 131072, 8192, 20
write, 0, 0, 681368, 131072, 8192, 20
write, 0, 0, 686799, 131072, 8192, 20
write, 0, 0, 681368, 131072, 8192, 20
write, 0, 0, 681358, 131072, 8192, 20
write, 1, 0, 692809, 131072, 8192, 20
write, 1, 0, 681348, 131072, 8192, 20
write, 1, 0, 681358, 131072, 8192, 20
write, 1, 0, 695860, 131072, 8192, 20
write, 1, 0, 681368, 131072, 8192, 20
write, 1, 0, 681358, 131072, 8192, 20
write, 1, 0, 681358, 131072, 8192, 20
write, 1, 0, 681358, 131072, 8192, 20
write, 1, 0, 687529, 131072, 8192, 20
write, 1, 0, 681349, 131072, 8192, 20
write, 1, 0, 681348, 131072, 8192, 20
write, 1, 0, 681368, 131072, 8192, 20
write, 1, 0, 681368, 131072, 8192, 20
write, 1, 0, 681358, 131072, 8192, 20
write, 1, 0, 686779, 131072, 8192, 20
write, 1, 0, 681369, 131072, 8192, 20
write, 1, 0, 681368, 131072, 8192, 20
write, 1, 0, 681368, 131072, 8192, 20
write, 1, 0, 681358, 131072, 8192, 20
write, 1, 0, 681358, 131072, 8192, 20
write, 1, 0, 686599, 131072, 8192, 20
write, 1, 0, 681348, 131072, 8192, 20
write, 1, 0, 681358, 131072, 8192, 20
write, 1, 0, 681368, 131072, 8192, 20
write, 1, 0, 681369, 131072, 8192, 20
write, 1, 0, 681358, 131072, 8192, 20
write, 1, 0, 686819, 131072, 8192, 20
write, 1, 0, 681348, 131072, 8192, 20
write, 1, 0, 681368, 131072, 8192, 20
write, 1, 0, 681358, 131072, 8192, 20
write, 1, 0, 681368, 131072, 8192, 20
write, 1, 0, 681358, 131072, 8192, 20
write, 1, 0, 686699, 131072, 8192, 20
write, 1, 0, 681358, 131072, 8192, 20
write, 1, 0, 681359, 131072, 8192, 20
write, 1, 0, 681368, 131072, 8192, 20
write, 1, 0, 681358, 131072, 8192, 20
write, 1, 0, 681358, 131072, 8192, 20
write, 1, 0, 686279, 131072, 8192, 20
write, 1, 0, 681348, 131072, 8192, 20
write, 1, 0, 681368, 131072, 8192, 20
write, 1, 0, 681368, 131072, 8192, 20
write, 1, 0, 681358, 131072, 8192, 20
write, 1, 0, 686309, 131072, 8192, 20
write, 1, 0, 681348, 131072, 8192, 20
write, 1, 0, 681358, 131072, 8192, 20
write, 1, 0, 681368, 131072, 8192, 20
write, 1, 0, 681358, 131072, 8192, 20
write, 1, 0, 681358, 131072, 8192, 20
write, 1, 0, 685829, 131072, 8192, 20
write, 1, 0, 681348, 131072, 8192, 20
write, 1, 0, 681358, 131072, 8192, 20
write, 1, 0, 681358, 131072, 8192, 20
write, 1, 0, 681358, 131072, 8192, 20
write, 1, 0, 681358, 131072, 8192, 20
write, 1, 0, 685869, 131072, 8192, 20
write, 1, 0, 681338, 131072, 8192, 20
write, 1, 0, 681368, 131072, 8192, 20
write, 1, 0, 681358, 131072, 8192, 20
write, 1, 0, 681368, 131072, 8192, 20
write, 1, 0, 681358, 131072, 8192, 20
write, 1, 0, 685538, 131072, 8192, 20
write, 1, 0, 681348, 131072, 8192, 20
write, 1, 0, 681338, 131072, 8192, 20
write, 1, 0, 681348, 131072, 8192, 20
write, 1, 0, 681358, 131072, 8192, 20
write, 1, 0, 681368, 131072, 8192, 20
write, 1, 0, 685478, 131072, 8192, 20
write, 1, 0, 681339, 131072, 8192, 20
write, 1, 0, 681348, 131072, 8192, 20
write, 1, 0, 681358, 131072, 8192, 20
write, 1, 0, 681358, 131072, 8192, 20
write, 1, 0, 681358, 131072, 8192, 20
write, 1, 0, 685449, 131072, 8192, 20
write, 1, 0, 681348, 131072, 8192, 20
write, 1, 0, 681348, 131072, 8192, 20
write, 1, 0, 681368, 131072, 8192, 20
write, 1, 0, 681359, 131072, 8192, 20
write, 1, 0, 685768, 131072, 8192, 20
write, 1, 0, 681358, 131072, 8192, 20
write, 1, 0, 681358, 131072, 8192, 20
write, 1, 0, 681359, 131072, 8192, 20
write, 1, 0, 681368, 131072, 8192, 20
write, 1, 0, 681358, 131072, 8192, 20
write, 1, 0, 685498, 131072, 8192, 20
write, 1, 0, 681359, 131072, 8192, 20
write, 1, 0, 681358, 131072, 8192, 20
write, 1, 0, 681368, 131072, 8192, 20
write, 1, 0, 681358, 131072, 8192, 20
write, 1, 0, 681368, 131072, 8192, 20
write, 1, 0, 685449, 131072, 8192, 20
write, 1, 0, 681348, 131072, 8192, 20
write, 1, 0, 681368, 131072, 8192, 20
write, 1, 0, 681368, 131072, 8192, 20
write, 1, 0, 681358, 131072, 8192, 20
write, 1, 0, 681368, 131072, 8192, 20
write, 1, 0, 685519, 131072, 8192, 20
write, 1, 0, 681348, 131072, 8192, 20
write, 1, 0, 681368, 131072, 8192, 20
write, 1, 0, 681368, 131072, 8192, 20
write, 2, 0, 693219, 131072, 8192, 20
write, 2, 0, 681348, 131072, 8192, 20
write, 2, 0, 701640, 131072, 8192, 20
write, 2, 0, 681349, 131072, 8192, 20
write, 2, 0, 681348, 131072, 8192, 20
write, 2, 0, 681368, 131072, 8192, 20
write, 2, 0, 681358, 131072, 8192, 20
write, 2, 0, 681358, 131072, 8192, 20
write, 2, 0, 687719, 131072, 8192, 20
write, 2, 0, 681339, 131072, 8192, 20
write, 2, 0, 681348, 131072, 8192, 20
write, 2, 0, 681358, 131072, 8192, 20
write, 2, 0, 681358, 131072, 8192, 20
write, 2, 0, 681358, 131072, 8192, 20
write, 2, 0, 687319, 131072, 8192, 20
write, 2, 0, 681339, 131072, 8192, 20
write, 2, 0, 681368, 131072, 8192, 20
write, 2, 0, 681358, 131072, 8192, 20
write, 2, 0, 681358, 131072, 8192, 20
write, 2, 0, 681368, 131072, 8192, 20
write, 2, 0, 687089, 131072, 8192, 20
write, 2, 0, 681329, 131072, 8192, 20
write, 2, 0, 681358, 131072, 8192, 20
write, 2, 0, 681368, 131072, 8192, 20
write, 2, 0, 681368, 131072, 8192, 20
write, 2, 0, 681368, 131072, 8192, 20
write, 2, 0, 687999, 131072, 8192, 20
write, 2, 0, 681349, 131072, 8192, 20
write, 2, 0, 681358, 131072, 8192, 20
write, 2, 0, 681368, 131072, 8192, 20
write, 2, 0, 681358, 131072, 8192, 20
write, 2, 0, 687239, 131072, 8192, 20
write, 2, 0, 681338, 131072, 8192, 20
write, 2, 0, 681358, 131072, 8192, 20
write, 2, 0, 681368, 131072, 8192, 20
write, 2, 0, 681358, 131072, 8192, 20
write, 2, 0, 681368, 131072, 8192, 20
write, 2, 0, 687009, 131072, 8192, 20
write, 2, 0, 681348, 131072, 8192, 20
write, 2, 0, 681368, 131072, 8192, 20
write, 2, 0, 681368, 131072, 8192, 20
write, 2, 0, 681358, 131072, 8192, 20
write, 2, 0, 681369, 131072, 8192, 20
write, 2, 0, 686609, 131072, 8192, 20
write, 2, 0, 681338, 131072, 8192, 20
write, 2, 0, 681368, 131072, 8192, 20
write, 2, 0, 681368, 131072, 8192, 20
write, 2, 0, 681358, 131072, 8192, 20
write, 2, 0, 681358, 131072, 8192, 20
write, 2, 0, 686528, 131072, 8192, 20
write, 2, 0, 681338, 131072, 8192, 20
write, 2, 0, 681368, 131072, 8192, 20
write, 2, 0, 681359, 131072, 8192, 20
write, 2, 0, 681368, 131072, 8192, 20
write, 2, 0, 681368, 131072, 8192, 20
write, 2, 0, 686548, 131072, 8192, 20
write, 2, 0, 681348, 131072, 8192, 20
write, 2, 0, 681358, 131072, 8192, 20
write, 2, 0, 681358, 131072, 8192, 20
write, 2, 0, 681368, 131072, 8192, 20
write, 2, 0, 681358, 131072, 8192, 20
write, 2, 0, 686219, 131072, 8192, 20
write, 2, 0, 681339, 131072, 8192, 20
write, 2, 0, 681368, 131072, 8192, 20
write, 2, 0, 681368, 131072, 8192, 20
write, 2, 0, 681368, 131072, 8192, 20
write, 2, 0, 686289, 131072, 8192, 20
write, 2, 0, 681348, 131072, 8192, 20
write, 2, 0, 681358, 131072, 8192, 20
write, 2, 0, 681368, 131072, 8192, 20
write, 2, 0, 681358, 131072, 8192, 20
write, 2, 0, 681369, 131072, 8192, 20
write, 2, 0, 686378, 131072, 8192, 20
write, 2, 0, 681348, 131072, 8192, 20
write, 2, 0, 681368, 131072, 8192, 20
write, 2, 0, 681369, 131072, 8192, 20
write, 2, 0, 681368, 131072, 8192, 20
write, 2, 0, 681358, 131072, 8192, 20
write, 2, 0, 686398, 131072, 8192, 20
write, 2, 0, 681338, 131072, 8192, 20
write, 2, 0, 681338, 131072, 8192, 20
write, 2, 0, 681358, 131072, 8192, 20
write, 2, 0, 681358, 131072, 8192, 20
write, 2, 0, 681358, 131072, 8192, 20
write, 2, 0, 686419, 131072, 8192, 20
write, 2, 0, 681339, 131072, 8192, 20
write, 2, 0, 681338, 131072, 8192, 20
write, 2, 0, 681348, 131072, 8192, 20
write, 2, 0, 681358, 131072, 8192, 20
write, 2, 0, 681368, 131072, 8192, 20
write, 2, 0, 686389, 131072, 8192, 20
write, 2, 0, 681338, 131072, 8192, 20
write, 2, 0, 681358, 131072, 8192, 20
write, 2, 0, 681368, 131072, 8192, 20
write, 2, 0, 681359, 131072, 8192, 20
write, 2, 0, 681358, 131072, 8192, 20
write, 2, 0, 686469, 131072, 8192, 20
write, 2, 0, 681328, 131072, 8192, 20
write, 2, 0, 681338, 131072, 8192, 20
write, 2, 0, 681348, 131072, 8192, 20
write, 3, 0, 693620, 131072, 8192, 20
write, 3, 0, 681348, 131072, 8192, 20
write, 3, 0, 704330, 131072, 8192, 20
write, 3, 0, 681338, 131072, 8192, 20
write, 3, 0, 681358, 131072, 8192, 20
write, 3, 0, 681358, 131072, 8192, 20
write, 3, 0, 681358, 131072, 8192, 20
write, 3, 0, 681358, 131072, 8192, 20
write, 3, 0, 688549, 131072, 8192, 20
write, 3, 0, 681369, 131072, 8192, 20
write, 3, 0, 681358, 131072, 8192, 20
write, 3, 0, 681368, 131072, 8192, 20
write, 3, 0, 681358, 131072, 8192, 20
write, 3, 0, 681358, 131072, 8192, 20
write, 3, 0, 687599, 131072, 8192, 20
write, 3, 0, 681349, 131072, 8192, 20
write, 3, 0, 681348, 131072, 8192, 20
write, 3, 0, 681338, 131072, 8192, 20
write, 3, 0, 681358, 131072, 8192, 20
write, 3, 0, 681368, 131072, 8192, 20
write, 3, 0, 686999, 131072, 8192, 20
write, 3, 0, 681359, 131072, 8192, 20
write, 3, 0, 681358, 131072, 8192, 20
write, 3, 0, 681358, 131072, 8192, 20
write, 3, 0, 681358, 131072, 8192, 20
write, 3, 0, 681368, 131072, 8192, 20
write, 3, 0, 687729, 131072, 8192, 20
write, 3, 0, 681358, 131072, 8192, 20
write, 3, 0, 681358, 131072, 8192, 20
write, 3, 0, 681368, 131072, 8192, 20
write, 3, 0, 681368, 131072, 8192, 20
write, 3, 0, 688819, 131072, 8192, 20
write, 3, 0, 681338, 131072, 8192, 20
write, 3, 0, 681359, 131072, 8192, 20
write, 3, 0, 681358, 131072, 8192, 20
write, 3, 0, 681358, 131072, 8192, 20
write, 3, 0, 681368, 131072, 8192, 20
write, 3, 0, 687299, 131072, 8192, 20
write, 3, 0, 681358, 131072, 8192, 20
write, 3, 0, 681369, 131072, 8192, 20
write, 3, 0, 681358, 131072, 8192, 20
write, 3, 0, 681368, 131072, 8192, 20
write, 3, 0, 681358, 131072, 8192, 20
write, 3, 0, 688019, 131072, 8192, 20
write, 3, 0, 681338, 131072, 8192, 20
write, 3, 0, 681369, 131072, 8192, 20
write, 3, 0, 681358, 131072, 8192, 20
write, 3, 0, 681358, 131072, 8192, 20
write, 3, 0, 681358, 131072, 8192, 20
write, 3, 0, 687169, 131072, 8192, 20
write, 3, 0, 681358, 131072, 8192, 20
write, 3, 0, 681359, 131072, 8192, 20
write, 3, 0, 681358, 131072, 8192, 20
write, 3, 0, 681368, 131072, 8192, 20
write, 3, 0, 681358, 131072, 8192, 20
write, 3, 0, 687779, 131072, 8192, 20
write, 3, 0, 681878, 131072, 8192, 20
write, 3, 0, 681359, 131072, 8192, 20
write, 3, 0, 681368, 131072, 8192, 20
write, 3, 0, 681368, 131072, 8192, 20
write, 3, 0, 681368, 131072, 8192, 20
write, 3, 0, 1730093, 131072, 8192, 20
write, 3, 0, 681358, 131072, 8192, 20
write, 3, 0, 681338, 131072, 8192, 20
write, 3, 0, 681359, 131072, 8192, 20
write, 3, 0, 693299, 131072, 8192, 20
write, 3, 0, 681659, 131072, 8192, 20
write, 3, 0, 681358, 131072, 8192, 20
write, 3, 0, 681358, 131072, 8192, 20
write, 3, 0, 681358, 131072, 8192, 20
write, 3, 0, 681358, 131072, 8192, 20
write, 3, 0, 688719, 131072, 8192, 20
write, 3, 0, 681349, 131072, 8192, 20
write, 3, 0, 681358, 131072, 8192, 20
write, 3, 0, 681358, 131072, 8192, 20
write, 3, 0, 681368, 131072, 8192, 20
write, 3, 0, 681358, 131072, 8192, 20
write, 3, 0, 4770868, 131072, 8192, 20
write, 3, 0, 681358, 131072, 8192, 20
write, 3, 0, 681358, 131072, 8192, 20
write, 3, 0, 681358, 131072, 8192, 20
write, 3, 0, 681358, 131072, 8192, 20
write, 3, 0, 695779, 131072, 8192, 20
write, 3, 0, 681358, 131072, 8192, 20
write, 3, 0, 681368, 131072, 8192, 20
write, 3, 0, 681358, 131072, 8192, 20
write, 3, 0, 681358, 131072, 8192, 20
write, 3, 0, 681368, 131072, 8192, 20
write, 3, 0, 699980, 131072, 8192, 20
write, 3, 0, 681338, 131072, 8192, 20
write, 3, 0, 681358, 131072, 8192, 20
write, 3, 0, 681358, 131072, 8192, 20
write, 3, 0, 681358, 131072, 8192, 20
write, 3, 0, 681359, 131072, 8192, 20
write, 3, 0, 701880, 131072, 8192, 20
write, 3, 0, 681338, 131072, 8192, 20
write, 3, 0, 681348, 131072, 8192, 20
write, 3, 0, 681348, 131072, 8192, 20
write, 3, 0, 681359, 131072, 8192, 20
write, 3, 0, 681368, 131072, 8192, 20
write, 0, 0, 1178188, 131072, 8192, 40
write, 0, 0, 1191210, 131072, 8192, 40
write, 0, 0, 1167787, 131072, 8192, 40
write, 0, 0, 1167817, 131072, 8192, 40
write, 0, 0, 1167827, 131072, 8192, 40
write, 0, 0, 1175298, 131072, 8192, 40
write, 0, 0, 1167797, 131072, 8192, 40
write, 0, 0, 1167807, 131072, 8192, 40
write, 0, 0, 1182518, 131072, 8192, 40
write, 0, 0, 1167776, 131072, 8192, 40
write, 0, 0, 1167817, 131072, 8192, 40
write, 0, 0, 1167827, 131072, 8192, 40
write, 0, 0, 1173877, 131072, 8192, 40
write, 0, 0, 1167816, 131072, 8192, 40
write, 0, 0, 1167807, 131072, 8192, 40
write, 0, 0, 1181078, 131072, 8192, 40
write, 0, 0, 1167817, 131072, 8192, 40
write, 0, 0, 1167827, 131072, 8192, 40
write, 0, 0, 1174248, 131072, 8192, 40
write, 0, 0, 1167797, 131072, 8192, 40
write, 0, 0, 1167827, 131072, 8192, 40
write, 0, 0, 1167827, 131072, 8192, 40
write, 0, 0, 1173638, 131072, 8192, 40
write, 0, 0, 1167807, 131072, 8192, 40
write, 0, 0, 1167827, 131072, 8192, 40
write, 0, 0, 1173288, 131072, 8192, 40
write, 0, 0, 1167817, 131072, 8192, 40
write, 0, 0, 1167817, 131072, 8192, 40
write, 0, 0, 1167827, 131072, 8192, 40
write, 0, 0, 1173217, 131072, 8192, 40
write, 0, 0, 1167817, 131072, 8192, 40
write, 0, 0, 1167827, 131072, 8192, 40
write, 0, 0, 1172917, 131072, 8192, 40
write, 0, 0, 1167816, 131072, 8192, 40
write, 0, 0, 1167826, 131072, 8192, 40
write, 0, 0, 1167827, 131072, 8192, 40
write, 0, 0, 1167786, 131072, 8192, 40
write, 0, 0, 1167826, 131072, 8192, 40
write, 0, 0, 1167827, 131072, 8192, 40
write, 0, 0, 1173177, 131072, 8192, 40
write, 0, 0, 1167817, 131072, 8192, 40
write, 0, 0, 1167826, 131072, 8192, 40
write, 0, 0, 1172817, 131072, 8192, 40
write, 0, 0, 1167807, 131072, 8192, 40
write, 0, 0, 1167827, 131072, 8192, 40
write, 0, 0, 1167827, 131072, 8192, 40
write, 0, 0, 1173218, 131072, 8192, 40
write, 0, 0, 1167827, 131072, 8192, 40
write, 0, 0, 1167827, 131072, 8192, 40
write, 0, 0, 1172688, 131072, 8192, 40
write, 0, 0, 1167797, 131072, 8192, 40
write, 0, 0, 1167807, 131072, 8192, 40
write, 0, 0, 1167817, 131072, 8192, 40
write, 0, 0, 1172647, 131072, 8192, 40
write, 0, 0, 1167796, 131072, 8192, 40
write, 0, 0, 1167827, 131072, 8192, 40
write, 0, 0, 1173337, 131072, 8192, 40
write, 0, 0, 1167797, 131072, 8192, 40
write, 0, 0, 1167826, 131072, 8192, 40
write, 0, 0, 1172887, 131072, 8192, 40
write, 0, 0, 1167817, 131072, 8192, 40
write, 0, 0, 1168357, 131072, 8192, 40
write, 0, 0, 1167827, 131072, 8192, 40
write, 0, 0, 1173207, 131072, 8192, 40
write, 0, 0, 1167807, 131072, 8192, 40
write, 0, 0, 1167827, 131072, 8192, 40
write, 0, 0, 1172828, 131072, 8192, 40
write, 0, 0, 1167827, 131072, 8192, 40
write, 0, 0, 1167827, 131072, 8192, 40
write, 0, 0, 1167827, 131072, 8192, 40
write, 0, 0, 1172707, 131072, 8192, 40
write, 0, 0, 1167827, 131072, 8192, 40
write, 0, 0, 1167827, 131072, 8192, 40
write, 0, 0, 1180188, 131072, 8192, 40
write, 0, 0, 1167787, 131072, 8192, 40
write, 0, 0, 1167817, 131072, 8192, 40
write, 0, 0, 1173898, 131072, 8192, 40
write, 0, 0, 1167827, 131072, 8192, 40
write, 0, 0, 1167827, 131072, 8192, 40
write, 0, 0, 1167817, 131072, 8192, 40
write, 0, 0, 1172688, 131072, 8192, 40
write, 0, 0, 1167817, 131072, 8192, 40
write, 0, 0, 1167827, 131072, 8192, 40
write, 0, 0, 1172717, 131072, 8192, 40
write, 0, 0, 1167836, 131072, 8192, 40
write, 0, 0, 1167827, 131072, 8192, 40
write, 0, 0, 1167827, 131072, 8192, 40
write, 0, 0, 1172577, 131072, 8192, 40
write, 0, 0, 1167817, 131072, 8192, 40
write, 0, 0, 1167826, 131072, 8192, 40
write, 0, 0, 1173397, 131072, 8192, 40
write, 0, 0, 1167797, 131072, 8192, 40
write, 0, 0, 1167827, 131072, 8192, 40
write, 0, 0, 1173208, 131072, 8192, 40
write, 0, 0, 1167797, 131072, 8192, 40
write, 0, 0, 1167827, 131072, 8192, 40
write, 0, 0, 1167827, 131072, 8192, 40
write, 0, 0, 1173168, 131072, 8192, 40
write, 0, 0, 1167817, 131072, 8192, 40
write, 0, 0, 1167827, 131072, 8192, 40
write, 1, 0, 1178628, 131072, 8192, 40
write, 1, 0, 1191079, 131072, 8192, 40
write, 1, 0, 1167806, 131072, 8192, 40
write, 1, 0, 1167827, 131072, 8192, 40
write, 1, 0, 1167827, 131072, 8192, 40
write, 1, 0, 1183738, 131072, 8192, 40
write, 1, 0, 1167796, 131072, 8192, 40
write, 1, 0, 1167807, 131072, 8192, 40
write, 1, 0, 1182378, 131072, 8192, 40
write, 1, 0, 1167807, 131072, 8192, 40
write, 1, 0, 1167827, 131072, 8192, 40
write, 1, 0, 1173957, 131072, 8192, 40
write, 1, 0, 1167807, 131072, 8192, 40
write, 1, 0, 1167827, 131072, 8192, 40
write, 1, 0, 1167827, 131072, 8192, 40
write, 1, 0, 1179267, 131072, 8192, 40
write, 1, 0, 1167817, 131072, 8192, 40
write, 1, 0, 1167827, 131072, 8192, 40
write, 1, 0, 1173257, 131072, 8192, 40
write, 1, 0, 1167816, 131072, 8192, 40
write, 1, 0, 1167816, 131072, 8192, 40
write, 1, 0, 1167827, 131072, 8192, 40
write, 1, 0, 1178888, 131072, 8192, 40
write, 1, 0, 1167817, 131072, 8192, 40
write, 1, 0, 1167827, 131072, 8192, 40
write, 1, 0, 1173088, 131072, 8192, 40
write, 1, 0, 1167807, 131072, 8192, 40
write, 1, 0, 1167827, 131072, 8192, 40
write, 1, 0, 1172457, 131072, 8192, 40
write, 1, 0, 1167817, 131072, 8192, 40
write, 1, 0, 1167826, 131072, 8192, 40
write, 1, 0, 1167826, 131072, 8192, 40
write, 1, 0, 1172317, 131072, 8192, 40
write, 1, 0, 1167807, 131072, 8192, 40
write, 1, 0, 1167817, 131072, 8192, 40
write, 1, 0, 1172258, 131072, 8192, 40
write, 1, 0, 1167817, 131072, 8192, 40
write, 1, 0, 1167817, 131072, 8192, 40
write, 1, 0, 1167827, 131072, 8192, 40
write, 1, 0, 1172317, 131072, 8192, 40
write, 1, 0, 1167817, 131072, 8192, 40
write, 1, 0, 1167827, 131072, 8192, 40
write, 1, 0, 1172337, 131072, 8192, 40
write, 1, 0, 1167837, 131072, 8192, 40
write, 1, 0, 1167826, 131072, 8192, 40
write, 1, 0, 1167826, 131072, 8192, 40
write, 1, 0, 1172237, 131072, 8192, 40
write, 1, 0, 1167817, 131072, 8192, 40
write, 1, 0, 1167827, 131072, 8192, 40
write, 1, 0, 1172288, 131072, 8192, 40
write, 1, 0, 1167807, 131072, 8192, 40
write, 1, 0, 1167827, 131072, 8192, 40
write, 1, 0, 1172267, 131072, 8192, 40
write, 1, 0, 1167816, 131072, 8192, 40
write, 1, 0, 1167826, 131072, 8192, 40
write, 1, 0, 1167827, 131072, 8192, 40
write, 1, 0, 1172387, 131072, 8192, 40
write, 1, 0, 1167827, 131072, 8192, 40
write, 1, 0, 1167837, 131072, 8192, 40
write, 1, 0, 1172337, 131072, 8192, 40
write, 1, 0, 1167817, 131072, 8192, 40
write, 1, 0, 1167827, 131072, 8192, 40
write, 1, 0, 1167827, 131072, 8192, 40
write, 1, 0, 1172348, 131072, 8192, 40
write, 1, 0, 1167807, 131072, 8192, 40
write, 1, 0, 1167807, 131072, 8192, 40
write, 1, 0, 1172437, 131072, 8192, 40
write, 1, 0, 1167806, 131072, 8192, 40
write, 1, 0, 1167816, 131072, 8192, 40
write, 1, 0, 1172347, 131072, 8192, 40
write, 1, 0, 1167817, 131072, 8192, 40
write, 1, 0, 1167827, 131072, 8192, 40
write, 1, 0, 1167827, 131072, 8192, 40
write, 1, 0, 1172398, 131072, 8192, 40
write, 1, 0, 1167807, 131072, 8192, 40
write, 1, 0, 1167827, 131072, 8192, 40
write, 1, 0, 1172767, 131072, 8192, 40
write, 1, 0, 1167826, 131072, 8192, 40
write, 1, 0, 1167827, 131072, 8192, 40
write, 1, 0, 1167827, 131072, 8192, 40
write, 1, 0, 1172327, 131072, 8192, 40
write, 1, 0, 1167807, 131072, 8192, 40
write, 1, 0, 1167836, 131072, 8192, 40
write, 1, 0, 1172287, 131072, 8192, 40
write, 1, 0, 1167807, 131072, 8192, 40
write, 1, 0, 1167807, 131072, 8192, 40
write, 1, 0, 1167817, 131072, 8192, 40
write, 1, 0, 1167787, 131072, 8192, 40
write, 1, 0, 1167827, 131072, 8192, 40
write, 1, 0, 1167827, 131072, 8192, 40
write, 1, 0, 1172258, 131072, 8192, 40
write, 1, 0, 1167807, 131072, 8192, 40
write, 1, 0, 1167827, 131072, 8192, 40
write, 1, 0, 1178078, 131072, 8192, 40
write, 1, 0, 1167827, 131072, 8192, 40
write, 1, 0, 1167827, 131072, 8192, 40
write, 1, 0, 1167827, 131072, 8192, 40
write, 1, 0, 1172818, 131072, 8192, 40
write, 1, 0, 1167817, 131072, 8192, 40
write, 1, 0, 1167827, 131072, 8192, 40
write, 2, 0, 1178008, 131072, 8192, 40
write, 2, 0, 1199440, 131072, 8192, 40
write, 2, 0, 1167817, 131072, 8192, 40
write, 2, 0, 1167817, 131072, 8192, 40
write, 2, 0, 1168357, 131072, 8192, 40
write, 2, 0, 1175777, 131072, 8192, 40
write, 2, 0, 1167807, 131072, 8192, 40
write, 2, 0, 1167826, 131072, 8192, 40
write, 2, 0, 1183798, 131072, 8192, 40
write, 2, 0, 1167817, 131072, 8192, 40
write, 2, 0, 1167827, 131072, 8192, 40
write, 2, 0, 1176007, 131072, 8192, 40
write, 2, 0, 1167827, 131072, 8192, 40
write, 2, 0, 1167817, 131072, 8192, 40
write, 2, 0, 1167826, 131072, 8192, 40
write, 2, 0, 1180358, 131072, 8192, 40
write, 2, 0, 1167817, 131072, 8192, 40
write, 2, 0, 1167827, 131072, 8192, 40
write, 2, 0, 1179418, 131072, 8192, 40
write, 2, 0, 1167827, 131072, 8192, 40
write, 2, 0, 1167826, 131072, 8192, 40
write, 2, 0, 1167826, 131072, 8192, 40
write, 2, 0, 1173727, 131072, 8192, 40
write, 2, 0, 1167827, 131072, 8192, 40
write, 2, 0, 1167827, 131072, 8192, 40
write, 2, 0, 1172537, 131072, 8192, 40
write, 2, 0, 1167817, 131072, 8192, 40
write, 2, 0, 1167817, 131072, 8192, 40
write, 2, 0, 1172268, 131072, 8192, 40
write, 2, 0, 1167827, 131072, 8192, 40
write, 2, 0, 1167827, 131072, 8192, 40
write, 2, 0, 1167827, 131072, 8192, 40
write, 2, 0, 1172217, 131072, 8192, 40
write, 2, 0, 1167827, 131072, 8192, 40
write, 2, 0, 1167827, 131072, 8192, 40
write, 2, 0, 1172127, 131072, 8192, 40
write, 2, 0, 1167826, 131072, 8192, 40
write, 2, 0, 1167826, 131072, 8192, 40
write, 2, 0, 1167827, 131072, 8192, 40
write, 2, 0, 1172037, 131072, 8192, 40
write, 2, 0, 1167817, 131072, 8192, 40
write, 2, 0, 1167827, 131072, 8192, 40
write, 2, 0, 1172107, 131072, 8192, 40
write, 2, 0, 1167817, 131072, 8192, 40
write, 2, 0, 1167827, 131072, 8192, 40
write, 2, 0, 1172178, 131072, 8192, 40
write, 2, 0, 1167827, 131072, 8192, 40
write, 2, 0, 1167827, 131072, 8192, 40
write, 2, 0, 1167827, 131072, 8192, 40
write, 2, 0, 1172247, 131072, 8192, 40
write, 2, 0, 1167827, 131072, 8192, 40
write, 2, 0, 1167827, 131072, 8192, 40
write, 2, 0, 1180688, 131072, 8192, 40
write, 2, 0, 1167797, 131072, 8192, 40
write, 2, 0, 1167827, 131072, 8192, 40
write, 2, 0, 1167817, 131072, 8192, 40
write, 2, 0, 1173927, 131072, 8192, 40
write, 2, 0, 1167817, 131072, 8192, 40
write, 2, 0, 1167827, 131072, 8192, 40
write, 2, 0, 1172358, 131072, 8192, 40
write, 2, 0, 1167817, 131072, 8192, 40
write, 2, 0, 1167817, 131072, 8192, 40
write, 2, 0, 1167827, 131072, 8192, 40
write, 2, 0, 1172698, 131072, 8192, 40
write, 2, 0, 1167817, 131072, 8192, 40
write, 2, 0, 1167827, 131072, 8192, 40
write, 2, 0, 1172497, 131072, 8192, 40
write, 2, 0, 1167816, 131072, 8192, 40
write, 2, 0, 1167826, 131072, 8192, 40
write, 2, 0, 1172147, 131072, 8192, 40
write, 2, 0, 1167817, 131072, 8192, 40
write, 2, 0, 1167817, 131072, 8192, 40
write, 2, 0, 1167816, 131072, 8192, 40
write, 2, 0, 1172237, 131072, 8192, 40
write, 2, 0, 1167817, 131072, 8192, 40
write, 2, 0, 1167817, 131072, 8192, 40
write, 2, 0, 1172058, 131072, 8192, 40
write, 2, 0, 1167817, 131072, 8192, 40
write, 2, 0, 1167827, 131072, 8192, 40
write, 2, 0, 1167827, 131072, 8192, 40
write, 2, 0, 1172117, 131072, 8192, 40
write, 2, 0, 1167817, 131072, 8192, 40
write, 2, 0, 1167827, 131072, 8192, 40
write, 2, 0, 1172047, 131072, 8192, 40
write, 2, 0, 1167816, 131072, 8192, 40
write, 2, 0, 1167826, 131072, 8192, 40
write, 2, 0, 1172057, 131072, 8192, 40
write, 2, 0, 1167827, 131072, 8192, 40
write, 2, 0, 1167827, 131072, 8192, 40
write, 2, 0, 1168357, 131072, 8192, 40
write, 2, 0, 1172207, 131072, 8192, 40
write, 2, 0, 1167817, 131072, 8192, 40
write, 2, 0, 1167817, 131072, 8192, 40
write, 2, 0, 1172148, 131072, 8192, 40
write, 2, 0, 1167817, 131072, 8192, 40
write, 2, 0, 1167827, 131072, 8192, 40
write, 2, 0, 1167827, 131072, 8192, 40
write, 2, 0, 1172067, 131072, 8192, 40
write, 2, 0, 1167816, 131072, 8192, 40
write, 2, 0, 1167817, 131072, 8192, 40
write, 3, 0, 1177328, 131072, 8192, 40
write, 3, 0, 1200810, 131072, 8192, 40
write, 3, 0, 1167807, 131072, 8192, 40
write, 3, 0, 1167827, 131072, 8192, 40
write, 3, 0, 1176188, 131072, 8192, 40
write, 3, 0, 1167827, 131072, 8192, 40
write, 3, 0, 1167827, 131072, 8192, 40
write, 3, 0, 1167837, 131072, 8192, 40
write, 3, 0, 1181709, 131072, 8192, 40
write, 3, 0, 1167817, 131072, 8192, 40
write, 3, 0, 1167827, 131072, 8192, 40
write, 3, 0, 1181458, 131072, 8192, 40
write, 3, 0, 1167826, 131072, 8192, 40
write, 3, 0, 1167826, 131072, 8192, 40
write, 3, 0, 1167827, 131072, 8192, 40
write, 3, 0, 1175267, 131072, 8192, 40
write, 3, 0, 1167796, 131072, 8192, 40
write, 3, 0, 1167827, 131072, 8192, 40
write, 3, 0, 1179518, 131072, 8192, 40
write, 3, 0, 1167817, 131072, 8192, 40
write, 3, 0, 1167827, 131072, 8192, 40
write, 3, 0, 1167827, 131072, 8192, 40
write, 3, 0, 1173938, 131072, 8192, 40
write, 3, 0, 1167817, 131072, 8192, 40
write, 3, 0, 1167827, 131072, 8192, 40
write, 3, 0, 1173338, 131072, 8192, 40
write, 3, 0, 1167807, 131072, 8192, 40
write, 3, 0, 1167807, 131072, 8192, 40
write, 3, 0, 1173197, 131072, 8192, 40
write, 3, 0, 1167806, 131072, 8192, 40
write, 3, 0, 1167806, 131072, 8192, 40
write, 3, 0, 1167807, 131072, 8192, 40
write, 3, 0, 1173137, 131072, 8192, 40
write, 3, 0, 1167807, 131072, 8192, 40
write, 3, 0, 1167826, 131072, 8192, 40
write, 3, 0, 1172817, 131072, 8192, 40
write, 3, 0, 1167827, 131072, 8192, 40
write, 3, 0, 1167827, 131072, 8192, 40
write, 3, 0, 1167827, 131072, 8192, 40
write, 3, 0, 1173127, 131072, 8192, 40
write, 3, 0, 1167817, 131072, 8192, 40
write, 3, 0, 1167817, 131072, 8192, 40
write, 3, 0, 1173268, 131072, 8192, 40
write, 3, 0, 1167817, 131072, 8192, 40
write, 3, 0, 1167827, 131072, 8192, 40
write, 3, 0, 1172867, 131072, 8192, 40
write, 3, 0, 1167806, 131072, 8192, 40
write, 3, 0, 1167827, 131072, 8192, 40
write, 3, 0, 1167827, 131072, 8192, 40
write, 3, 0, 1173137, 131072, 8192, 40
write, 3, 0, 1167826, 131072, 8192, 40
write, 3, 0, 1167826, 131072, 8192, 40
write, 3, 0, 1179748, 131072, 8192, 40
write, 3, 0, 1167827, 131072, 8192, 40
write, 3, 0, 1167827, 131072, 8192, 40
write, 3, 0, 1167827, 131072, 8192, 40
write, 3, 0, 1173788, 131072, 8192, 40
write, 3, 0, 1167807, 131072, 8192, 40
write, 3, 0, 1167827, 131072, 8192, 40
write, 3, 0, 1173238, 131072, 8192, 40
write, 3, 0, 1167817, 131072, 8192, 40
write, 3, 0, 1167827, 131072, 8192, 40
write, 3, 0, 1172787, 131072, 8192, 40
write, 3, 0, 1167816, 131072, 8192, 40
write, 3, 0, 1167816, 131072, 8192, 40
write, 3, 0, 1167817, 131072, 8192, 40
write, 3, 0, 1173117, 131072, 8192, 40
write, 3, 0, 1167827, 131072, 8192, 40
write, 3, 0, 1167826, 131072, 8192, 40
write, 3, 0, 1173277, 131072, 8192, 40
write, 3, 0, 1167807, 131072, 8192, 40
write, 3, 0, 1167827, 131072, 8192, 40
write, 3, 0, 1167827, 131072, 8192, 40
write, 3, 0, 1173187, 131072, 8192, 40
write, 3, 0, 1167827, 131072, 8192, 40
write, 3, 0, 1167827, 131072, 8192, 40
write, 3, 0, 1173248, 131072, 8192, 40
write, 3, 0, 1167817, 131072, 8192, 40
write, 3, 0, 1168347, 131072, 8192, 40
write, 3, 0, 1174268, 131072, 8192, 40
write, 3, 0, 1167807, 131072, 8192, 40
write, 3, 0, 1167807, 131072, 8192, 40
write, 3, 0, 1167827, 131072, 8192, 40
write, 3, 0, 1172747, 131072, 8192, 40
write, 3, 0, 1167806, 131072, 8192, 40
write, 3, 0, 1167807, 131072, 8192, 40
write, 3, 0, 1173247, 131072, 8192, 40
write, 3, 0, 1167827, 131072, 8192, 40
write, 3, 0, 1167826, 131072, 8192, 40
write, 3, 0, 1167826, 131072, 8192, 40
write, 3, 0, 1173067, 131072, 8192, 40
write, 3, 0, 1167807, 131072, 8192, 40
write, 3, 0, 1167827, 131072, 8192, 40
write, 3, 0, 1173157, 131072, 8192, 40
write, 3, 0, 1167837, 131072, 8192, 40
write, 3, 0, 1167837, 131072, 8192, 40
write, 3, 0, 1167827, 131072, 8192, 40
write, 3, 0, 1172738, 131072, 8192, 40
write, 3, 0, 1167807, 131072, 8192, 40
write, 3, 0, 1167807, 131072, 8192, 40
write, 0, 0, 2147555, 131072, 8192, 80
write, 0, 0, 2165736, 131072, 8192, 80
write, 0, 0, 2150335, 131072, 8192, 80
write, 0, 0, 2140804, 131072, 8192, 80
write, 0, 0, 2157346, 131072, 8192, 80
write, 0, 0, 2140784, 131072, 8192, 80
write, 0, 0, 2149134, 131072, 8192, 80
write, 0, 0, 2140804, 131072, 8192, 80
write, 0, 0, 2154145, 131072, 8192, 80
write, 0, 0, 2140794, 131072, 8192, 80
write, 0, 0, 2147045, 131072, 8192, 80
write, 0, 0, 2140784, 131072, 8192, 80
write, 0, 0, 2147075, 131072, 8192, 80
write, 0, 0, 2140784, 131072, 8192, 80
write, 0, 0, 2146974, 131072, 8192, 80
write, 0, 0, 2146814, 131072, 8192, 80
write, 0, 0, 2140774, 131072, 8192, 80
write, 0, 0, 2146855, 131072, 8192, 80
write, 0, 0, 2140774, 131072, 8192, 80
write, 0, 0, 2146075, 131072, 8192, 80
write, 0, 0, 2140804, 131072, 8192, 80
write, 0, 0, 2146915, 131072, 8192, 80
write, 0, 0, 2140774, 131072, 8192, 80
write, 0, 0, 2146744, 131072, 8192, 80
write, 0, 0, 2140784, 131072, 8192, 80
write, 0, 0, 2146745, 131072, 8192, 80
write, 0, 0, 2140794, 131072, 8192, 80
write, 0, 0, 2146855, 131072, 8192, 80
write, 0, 0, 2145065, 131072, 8192, 80
write, 0, 0, 2140784, 131072, 8192, 80
write, 0, 0, 2146855, 131072, 8192, 80
write, 0, 0, 2140784, 131072, 8192, 80
write, 0, 0, 2146154, 131072, 8192, 80
write, 0, 0, 2140784, 131072, 8192, 80
write, 0, 0, 2147005, 131072, 8192, 80
write, 0, 0, 2140784, 131072, 8192, 80
write, 0, 0, 2146825, 131072, 8192, 80
write, 0, 0, 2140784, 131072, 8192, 80
write, 0, 0, 2146835, 131072, 8192, 80
write, 0, 0, 2140784, 131072, 8192, 80
write, 0, 0, 2153415, 131072, 8192, 80
write, 0, 0, 2147525, 131072, 8192, 80
write, 0, 0, 2140784, 131072, 8192, 80
write, 0, 0, 2146925, 131072, 8192, 80
write, 0, 0, 2140804, 131072, 8192, 80
write, 0, 0, 2146825, 131072, 8192, 80
write, 0, 0, 2140804, 131072, 8192, 80
write, 0, 0, 2146864, 131072, 8192, 80
write, 0, 0, 2140784, 131072, 8192, 80
write, 0, 0, 2146124, 131072, 8192, 80
write, 0, 0, 2140764, 131072, 8192, 80
write, 0, 0, 2147085, 131072, 8192, 80
write, 0, 0, 2140824, 131072, 8192, 80
write, 0, 0, 2146115, 131072, 8192, 80
write, 0, 0, 2140804, 131072, 8192, 80
write, 0, 0, 2147004, 131072, 8192, 80
write, 0, 0, 2146814, 131072, 8192, 80
write, 0, 0, 2140794, 131072, 8192, 80
write, 0, 0, 2146815, 131072, 8192, 80
write, 0, 0, 2140804, 131072, 8192, 80
write, 0, 0, 2146745, 131072, 8192, 80
write, 0, 0, 2140804, 131072, 8192, 80
write, 0, 0, 2146835, 131072, 8192, 80
write, 0, 0, 2140794, 131072, 8192, 80
write, 0, 0, 2146784, 131072, 8192, 80
write, 0, 0, 2140774, 131072, 8192, 80
write, 0, 0, 2146765, 131072, 8192, 80
write, 0, 0, 2140784, 131072, 8192, 80
write, 0, 0, 2146805, 131072, 8192, 80
write, 0, 0, 2145965, 131072, 8192, 80
write, 0, 0, 2140764, 131072, 8192, 80
write, 0, 0, 2146845, 131072, 8192, 80
write, 0, 0, 2141784, 131072, 8192, 80
write, 0, 0, 2146794, 131072, 8192, 80
write, 0, 0, 2140804, 131072, 8192, 80
write, 0, 0, 2146805, 131072, 8192, 80
write, 0, 0, 2140804, 131072, 8192, 80
write, 0, 0, 2146125, 131072, 8192, 80
write, 0, 0, 2140804, 131072, 8192, 80
write, 0, 0, 2146035, 131072, 8192, 80
write, 0, 0, 2140784, 131072, 8192, 80
write, 0, 0, 2146104, 131072, 8192, 80
write, 0, 0, 2146934, 131072, 8192, 80
write, 0, 0, 2140804, 131072, 8192, 80
write, 0, 0, 2146785, 131072, 8192, 80
write, 0, 0, 2140774, 131072, 8192, 80
write, 0, 0, 2144945, 131072, 8192, 80
write, 0, 0, 2140804, 131072, 8192, 80
write, 0, 0, 2151995, 131072, 8192, 80
write, 0, 0, 2140784, 131072, 8192, 80
write, 0, 0, 2147625, 131072, 8192, 80
write, 0, 0, 2140794, 131072, 8192, 80
write, 0, 0, 2147035, 131072, 8192, 80
write, 0, 0, 2140794, 131072, 8192, 80
write, 0, 0, 2146084, 131072, 8192, 80
write, 0, 0, 2146875, 131072, 8192, 80
write, 0, 0, 2141804, 131072, 8192, 80
write, 0, 0, 2146824, 131072, 8192, 80
write, 0, 0, 2140804, 131072, 8192, 80
write, 0, 0, 2146865, 131072, 8192, 80
write, 1, 0, 2170227, 131072, 8192, 80
write, 1, 0, 2140754, 131072, 8192, 80
write, 1, 0, 2148745, 131072, 8192, 80
write, 1, 0, 2140784, 131072, 8192, 80
write, 1, 0, 2156275, 131072, 8192, 80
write, 1, 0, 2140784, 131072, 8192, 80
write, 1, 0, 2147315, 131072, 8192, 80
write, 1, 0, 2140774, 131072, 8192, 80
write, 1, 0, 2152686, 131072, 8192, 80
write, 1, 0, 2140804, 131072, 8192, 80
write, 1, 0, 2152275, 131072, 8192, 80
write, 1, 0, 2140804, 131072, 8192, 80
write, 1, 0, 2146755, 131072, 8192, 80
write, 1, 0, 2146155, 131072, 8192, 80
write, 1, 0, 2140784, 131072, 8192, 80
write, 1, 0, 2146094, 131072, 8192, 80
write, 1, 0, 2140784, 131072, 8192, 80
write, 1, 0, 2146045, 131072, 8192, 80
write, 1, 0, 2140794, 131072, 8192, 80
write, 1, 0, 2145965, 131072, 8192, 80
write, 1, 0, 2140794, 131072, 8192, 80
write, 1, 0, 2145894, 131072, 8192, 80
write, 1, 0, 2140814, 131072, 8192, 80
write, 1, 0, 2145985, 131072, 8192, 80
write, 1, 0, 2140794, 131072, 8192, 80
write, 1, 0, 2145975, 131072, 8192, 80
write, 1, 0, 2145965, 131072, 8192, 80
write, 1, 0, 2140784, 131072, 8192, 80
write, 1, 0, 2146014, 131072, 8192, 80
write, 1, 0, 2140804, 131072, 8192, 80
write, 1, 0, 2145975, 131072, 8192, 80
write, 1, 0, 2140784, 131072, 8192, 80
write, 1, 0, 2145945, 131072, 8192, 80
write, 1, 0, 2140804, 131072, 8192, 80
write, 1, 0, 2146014, 131072, 8192, 80
write, 1, 0, 2140804, 131072, 8192, 80
write, 1, 0, 2145965, 131072, 8192, 80
write, 1, 0, 2140804, 131072, 8192, 80
write, 1, 0, 2145975, 131072, 8192, 80
write, 1, 0, 2140794, 131072, 8192, 80
write, 1, 0, 2145964, 131072, 8192, 80
write, 1, 0, 2145954, 131072, 8192, 80
write, 1, 0, 2140794, 131072, 8192, 80
write, 1, 0, 2145935, 131072, 8192, 80
write, 1, 0, 2140794, 131072, 8192, 80
write, 1, 0, 2154885, 131072, 8192, 80
write, 1, 0, 2140784, 131072, 8192, 80
write, 1, 0, 2146715, 131072, 8192, 80
write, 1, 0, 2140785, 131072, 8192, 80
write, 1, 0, 2146175, 131072, 8192, 80
write, 1, 0, 2140784, 131072, 8192, 80
write, 1, 0, 2145974, 131072, 8192, 80
write, 1, 0, 2140794, 131072, 8192, 80
write, 1, 0, 2145965, 131072, 8192, 80
write, 1, 0, 2145935, 131072, 8192, 80
write, 1, 0, 2140825, 131072, 8192, 80
write, 1, 0, 2146005, 131072, 8192, 80
write, 1, 0, 2140784, 131072, 8192, 80
write, 1, 0, 2145964, 131072, 8192, 80
write, 1, 0, 2140784, 131072, 8192, 80
write, 1, 0, 2146035, 131072, 8192, 80
write, 1, 0, 2140805, 131072, 8192, 80
write, 1, 0, 2145995, 131072, 8192, 80
write, 1, 0, 2140784, 131072, 8192, 80
write, 1, 0, 2146004, 131072, 8192, 80
write, 1, 0, 2140784, 131072, 8192, 80
write, 1, 0, 2146045, 131072, 8192, 80
write, 1, 0, 2145915, 131072, 8192, 80
write, 1, 0, 2140805, 131072, 8192, 80
write, 1, 0, 2145945, 131072, 8192, 80
write, 1, 0, 2140784, 131072, 8192, 80
write, 1, 0, 2145954, 131072, 8192, 80
write, 1, 0, 2140794, 131072, 8192, 80
write, 1, 0, 2145915, 131072, 8192, 80
write, 1, 0, 2140784, 131072, 8192, 80
write, 1, 0, 2146015, 131072, 8192, 80
write, 1, 0, 2140784, 131072, 8192, 80
write, 1, 0, 2145914, 131072, 8192, 80
write, 1, 0, 2140764, 131072, 8192, 80
write, 1, 0, 2145985, 131072, 8192, 80
write, 1, 0, 2145925, 131072, 8192, 80
write, 1, 0, 2140784, 131072, 8192, 80
write, 1, 0, 2145955, 131072, 8192, 80
write, 1, 0, 2140804, 131072, 8192, 80
write, 1, 0, 2145974, 131072, 8192, 80
write, 1, 0, 2140784, 131072, 8192, 80
write, 1, 0, 2145955, 131072, 8192, 80
write, 1, 0, 2140794, 131072, 8192, 80
write, 1, 0, 2145915, 131072, 8192, 80
write, 1, 0, 2140794, 131072, 8192, 80
write, 1, 0, 2145964, 131072, 8192, 80
write, 1, 0, 2140784, 131072, 8192, 80
write, 1, 0, 2145985, 131072, 8192, 80
write, 1, 0, 2140804, 131072, 8192, 80
write, 1, 0, 2151215, 131072, 8192, 80
write, 1, 0, 2146544, 131072, 8192, 80
write, 1, 0, 2140784, 131072, 8192, 80
write, 1, 0, 2146095, 131072, 8192, 80
write, 1, 0, 2140784, 131072, 8192, 80
write, 1, 0, 2145964, 131072, 8192, 80
write, 2, 0, 2169557, 131072, 8192, 80
write, 2, 0, 2140795, 131072, 8192, 80
write, 2, 0, 2149065, 131072, 8192, 80
write, 2, 0, 2140784, 131072, 8192, 80
write, 2, 0, 2155906, 131072, 8192, 80
write, 2, 0, 2140804, 131072, 8192, 80
write, 2, 0, 2147414, 131072, 8192, 80
write, 2, 0, 2140764, 131072, 8192, 80
write, 2, 0, 2152745, 131072, 8192, 80
write, 2, 0, 2140774, 131072, 8192, 80
write, 2, 0, 2146865, 131072, 8192, 80
write, 2, 0, 2140804, 131072, 8192, 80
write, 2, 0, 2146124, 131072, 8192, 80
write, 2, 0, 2146094, 131072, 8192, 80
write, 2, 0, 2140804, 131072, 8192, 80
write, 2, 0, 2145995, 131072, 8192, 80
write, 2, 0, 2140794, 131072, 8192, 80
write, 2, 0, 2146045, 131072, 8192, 80
write, 2, 0, 2140784, 131072, 8192, 80
write, 2, 0, 2146004, 131072, 8192, 80
write, 2, 0, 2140774, 131072, 8192, 80
write, 2, 0, 2146005, 131072, 8192, 80
write, 2, 0, 2140804, 131072, 8192, 80
write, 2, 0, 2145915, 131072, 8192, 80
write, 2, 0, 2140774, 131072, 8192, 80
write, 2, 0, 2145954, 131072, 8192, 80
write, 2, 0, 2145864, 131072, 8192, 80
write, 2, 0, 2140794, 131072, 8192, 80
write, 2, 0, 2145995, 131072, 8192, 80
write, 2, 0, 2140804, 131072, 8192, 80
write, 2, 0, 2145924, 131072, 8192, 80
write, 2, 0, 2140774, 131072, 8192, 80
write, 2, 0, 2146044, 131072, 8192, 80
write, 2, 0, 2140784, 131072, 8192, 80
write, 2, 0, 2145975, 131072, 8192, 80
write, 2, 0, 2140794, 131072, 8192, 80
write, 2, 0, 2145984, 131072, 8192, 80
write, 2, 0, 2140804, 131072, 8192, 80
write, 2, 0, 2145944, 131072, 8192, 80
write, 2, 0, 2153265, 131072, 8192, 80
write, 2, 0, 2140784, 131072, 8192, 80
write, 2, 0, 2146555, 131072, 8192, 80
write, 2, 0, 2140804, 131072, 8192, 80
write, 2, 0, 2146154, 131072, 8192, 80
write, 2, 0, 2140804, 131072, 8192, 80
write, 2, 0, 2146035, 131072, 8192, 80
write, 2, 0, 2140794, 131072, 8192, 80
write, 2, 0, 2145895, 131072, 8192, 80
write, 2, 0, 2140784, 131072, 8192, 80
write, 2, 0, 2146164, 131072, 8192, 80
write, 2, 0, 2140804, 131072, 8192, 80
write, 2, 0, 2145985, 131072, 8192, 80
write, 2, 0, 2140804, 131072, 8192, 80
write, 2, 0, 2145945, 131072, 8192, 80
write, 2, 0, 2145955, 131072, 8192, 80
write, 2, 0, 2140784, 131072, 8192, 80
write, 2, 0, 2146034, 131072, 8192, 80
write, 2, 0, 2140774, 131072, 8192, 80
write, 2, 0, 2146015, 131072, 8192, 80
write, 2, 0, 2140804, 131072, 8192, 80
write, 2, 0, 2145975, 131072, 8192, 80
write, 2, 0, 2140764, 131072, 8192, 80
write, 2, 0, 2146004, 131072, 8192, 80
write, 2, 0, 2140804, 131072, 8192, 80
write, 2, 0, 2146025, 131072, 8192, 80
write, 2, 0, 2140794, 131072, 8192, 80
write, 2, 0, 2145985, 131072, 8192, 80
write, 2, 0, 2145995, 131072, 8192, 80
write, 2, 0, 2140794, 131072, 8192, 80
write, 2, 0, 2145964, 131072, 8192, 80
write, 2, 0, 2140804, 131072, 8192, 80
write, 2, 0, 2145965, 131072, 8192, 80
write, 2, 0, 2140804, 131072, 8192, 80
write, 2, 0, 2146034, 131072, 8192, 80
write, 2, 0, 2140804, 131072, 8192, 80
write, 2, 0, 2145984, 131072, 8192, 80
write, 2, 0, 2140794, 131072, 8192, 80
write, 2, 0, 2145965, 131072, 8192, 80
write, 2, 0, 2140784, 131072, 8192, 80
write, 2, 0, 2145934, 131072, 8192, 80
write, 2, 0, 2145994, 131072, 8192, 80
write, 2, 0, 2140784, 131072, 8192, 80
write, 2, 0, 2145894, 131072, 8192, 80
write, 2, 0, 2140784, 131072, 8192, 80
write, 2, 0, 2145985, 131072, 8192, 80
write, 2, 0, 2140774, 131072, 8192, 80
write, 2, 0, 2145924, 131072, 8192, 80
write, 2, 0, 2140784, 131072, 8192, 80
write, 2, 0, 2151416, 131072, 8192, 80
write, 2, 0, 2140804, 131072, 8192, 80
write, 2, 0, 2146544, 131072, 8192, 80
write, 2, 0, 2140794, 131072, 8192, 80
write, 2, 0, 2146065, 131072, 8192, 80
write, 2, 0, 2145965, 131072, 8192, 80
write, 2, 0, 2140804, 131072, 8192, 80
write, 2, 0, 2146005, 131072, 8192, 80
write, 2, 0, 2140804, 131072, 8192, 80
write, 2, 0, 2146014, 131072, 8192, 80
write, 2, 0, 2140784, 131072, 8192, 80
write, 2, 0, 2146005, 131072, 8192, 80
write, 3, 0, 2176937, 131072, 8192, 80
write, 3, 0, 2140744, 131072, 8192, 80
write, 3, 0, 2149885, 131072, 8192, 80
write, 3, 0, 2140814, 131072, 8192, 80
write, 3, 0, 2155166, 131072, 8192, 80
write, 3, 0, 2140794, 131072, 8192, 80
write, 3, 0, 2155065, 131072, 8192, 80
write, 3, 0, 2140814, 131072, 8192, 80
write, 3, 0, 2149705, 131072, 8192, 80
write, 3, 0, 2140804, 131072, 8192, 80
write, 3, 0, 2153985, 131072, 8192, 80
write, 3, 0, 2158576, 131072, 8192, 80
write, 3, 0, 2140804, 131072, 8192, 80
write, 3, 0, 2146045, 131072, 8192, 80
write, 3, 0, 2140804, 131072, 8192, 80
write, 3, 0, 2145555, 131072, 8192, 80
write, 3, 0, 2140804, 131072, 8192, 80
write, 3, 0, 2145004, 131072, 8192, 80
write, 3, 0, 2140804, 131072, 8192, 80
write, 3, 0, 2145104, 131072, 8192, 80
write, 3, 0, 2140804, 131072, 8192, 80
write, 3, 0, 2145045, 131072, 8192, 80
write, 3, 0, 2140814, 131072, 8192, 80
write, 3, 0, 2146945, 131072, 8192, 80
write, 3, 0, 2140804, 131072, 8192, 80
write, 3, 0, 2145075, 131072, 8192, 80
write, 3, 0, 2144935, 131072, 8192, 80
write, 3, 0, 2140814, 131072, 8192, 80
write, 3, 0, 2145054, 131072, 8192, 80
write, 3, 0, 2140804, 131072, 8192, 80
write, 3, 0, 2145044, 131072, 8192, 80
write, 3, 0, 2140804, 131072, 8192, 80
write, 3, 0, 2145085, 131072, 8192, 80
write, 3, 0, 2140824, 131072, 8192, 80
write, 3, 0, 2145115, 131072, 8192, 80
write, 3, 0, 2140804, 131072, 8192, 80
write, 3, 0, 2144924, 131072, 8192, 80
write, 3, 0, 2140804, 131072, 8192, 80
write, 3, 0, 2145104, 131072, 8192, 80
write, 3, 0, 2145024, 131072, 8192, 80
write, 3, 0, 2140804, 131072, 8192, 80
write, 3, 0, 2145055, 131072, 8192, 80
write, 3, 0, 2140805, 131072, 8192, 80
write, 3, 0, 2145025, 131072, 8192, 80
write, 3, 0, 2140814, 131072, 8192, 80
write, 3, 0, 2144954, 131072, 8192, 80
write, 3, 0, 2140814, 131072, 8192, 80
write, 3, 0, 2145084, 131072, 8192, 80
write, 3, 0, 2140804, 131072, 8192, 80
write, 3, 0, 2144965, 131072, 8192, 80
write, 3, 0, 2140815, 131072, 8192, 80
write, 3, 0, 2145095, 131072, 8192, 80
write, 3, 0, 2145035, 131072, 8192, 80
write, 3, 0, 2140814, 131072, 8192, 80
write, 3, 0, 2145064, 131072, 8192, 80
write, 3, 0, 2140814, 131072, 8192, 80
write, 3, 0, 2145044, 131072, 8192, 80
write, 3, 0, 2140804, 131072, 8192, 80
write, 3, 0, 2149225, 131072, 8192, 80
write, 3, 0, 2140814, 131072, 8192, 80
write, 3, 0, 2152965, 131072, 8192, 80
write, 3, 0, 2140804, 131072, 8192, 80
write, 3, 0, 2146905, 131072, 8192, 80
write, 3, 0, 2140814, 131072, 8192, 80
write, 3, 0, 2146154, 131072, 8192, 80
write, 3, 0, 2145924, 131072, 8192, 80
write, 3, 0, 2140814, 131072, 8192, 80
write, 3, 0, 2144994, 131072, 8192, 80
write, 3, 0, 2140804, 131072, 8192, 80
write, 3, 0, 2145085, 131072, 8192, 80
write, 3, 0, 2140804, 131072, 8192, 80
write, 3, 0, 2144945, 131072, 8192, 80
write, 3, 0, 2140804, 131072, 8192, 80
write, 3, 0, 2145124, 131072, 8192, 80
write, 3, 0, 2140804, 131072, 8192, 80
write, 3, 0, 2144954, 131072, 8192, 80
write, 3, 0, 2140804, 131072, 8192, 80
write, 3, 0, 2145025, 131072, 8192, 80
write, 3, 0, 2145005, 131072, 8192, 80
write, 3, 0, 2140815, 131072, 8192, 80
write, 3, 0, 2144945, 131072, 8192, 80
write, 3, 0, 2140814, 131072, 8192, 80
write, 3, 0, 2145054, 131072, 8192, 80
write, 3, 0, 2140804, 131072, 8192, 80
write, 3, 0, 2144944, 131072, 8192, 80
write, 3, 0, 2140804, 131072, 8192, 80
write, 3, 0, 2145005, 131072, 8192, 80
write, 3, 0, 2140814, 131072, 8192, 80
write, 3, 0, 2144975, 131072, 8192, 80
write, 3, 0, 2140814, 131072, 8192, 80
write, 3, 0, 2144894, 131072, 8192, 80
write, 3, 0, 2140804, 131072, 8192, 80
write, 3, 0, 2144864, 131072, 8192, 80
write, 3, 0, 2144894, 131072, 8192, 80
write, 3, 0, 2140814, 131072, 8192, 80
write, 3, 0, 2144905, 131072, 8192, 80
write, 3, 0, 2140814, 131072, 8192, 80
write, 3, 0, 2145095, 131072, 8192, 80
write, 3, 0, 2140814, 131072, 8192, 80
write, 3, 0, 2144884, 131072, 8192, 80
write, 0, 0, 3144735, 131072, 8192, 120
write, 0, 0, 3148015, 131072, 8192, 120
write, 0, 0, 3113791, 131072, 8192, 120
write, 0, 0, 3131643, 131072, 8192, 120
write, 0, 0, 3123412, 131072, 8192, 120
write, 0, 0, 3127893, 131072, 8192, 120
write, 0, 0, 3113801, 131072, 8192, 120
write, 0, 0, 3121002, 131072, 8192, 120
write, 0, 0, 3119822, 131072, 8192, 120
write, 0, 0, 3126842, 131072, 8192, 120
write, 0, 0, 3121482, 131072, 8192, 120
write, 0, 0, 3113791, 131072, 8192, 120
write, 0, 0, 3118092, 131072, 8192, 120
write, 0, 0, 3120572, 131072, 8192, 120
write, 0, 0, 3119392, 131072, 8192, 120
write, 0, 0, 3113791, 131072, 8192, 120
write, 0, 0, 3120502, 131072, 8192, 120
write, 0, 0, 3119492, 131072, 8192, 120
write, 0, 0, 3119852, 131072, 8192, 120
write, 0, 0, 3120762, 131072, 8192, 120
write, 0, 0, 3113801, 131072, 8192, 120
write, 0, 0, 3119782, 131072, 8192, 120
write, 0, 0, 3119642, 131072, 8192, 120
write, 0, 0, 3119392, 131072, 8192, 120
write, 0, 0, 3113791, 131072, 8192, 120
write, 0, 0, 3120532, 131072, 8192, 120
write, 0, 0, 3120483, 131072, 8192, 120
write, 0, 0, 3120612, 131072, 8192, 120
write, 0, 0, 3120532, 131072, 8192, 120
write, 0, 0, 3113792, 131072, 8192, 120
write, 0, 0, 3120502, 131072, 8192, 120
write, 0, 0, 3120532, 131072, 8192, 120
write, 0, 0, 3119332, 131072, 8192, 120
write, 0, 0, 3120462, 131072, 8192, 120
write, 0, 0, 3113802, 131072, 8192, 120
write, 0, 0, 3119452, 131072, 8192, 120
write, 0, 0, 3120432, 131072, 8192, 120
write, 0, 0, 3119322, 131072, 8192, 120
write, 0, 0, 3113792, 131072, 8192, 120
write, 0, 0, 3120513, 131072, 8192, 120
write, 0, 0, 3119792, 131072, 8192, 120
write, 0, 0, 3120752, 131072, 8192, 120
write, 0, 0, 3125943, 131072, 8192, 120
write, 0, 0, 3113791, 131072, 8192, 120
write, 0, 0, 3121112, 131072, 8192, 120
write, 0, 0, 3120612, 131072, 8192, 120
write, 0, 0, 3120552, 131072, 8192, 120
write, 0, 0, 3113811, 131072, 8192, 120
write, 0, 0, 3119452, 131072, 8192, 120
write, 0, 0, 3119331, 131072, 8192, 120
write, 0, 0, 3119312, 131072, 8192, 120
write, 0, 0, 3119742, 131072, 8192, 120
write, 0, 0, 3113802, 131072, 8192, 120
write, 0, 0, 3120652, 131072, 8192, 120
write, 0, 0, 3119732, 131072, 8192, 120
write, 0, 0, 3120732, 131072, 8192, 120
write, 0, 0, 3113792, 131072, 8192, 120
write, 0, 0, 3120492, 131072, 8192, 120
write, 0, 0, 3119432, 131072, 8192, 120
write, 0, 0, 3120502, 131072, 8192, 120
write, 0, 0, 3119342, 131072, 8192, 120
write, 0, 0, 3113792, 131072, 8192, 120
write, 0, 0, 3119432, 131072, 8192, 120
write, 0, 0, 3120552, 131072, 8192, 120
write, 0, 0, 3119752, 131072, 8192, 120
write, 0, 0, 3120722, 131072, 8192, 120
write, 0, 0, 3113791, 131072, 8192, 120
write, 0, 0, 3120572, 131072, 8192, 120
write, 0, 0, 3119392, 131072, 8192, 120
write, 0, 0, 3120532, 131072, 8192, 120
write, 0, 0, 3113801, 131072, 8192, 120
write, 0, 0, 3120532, 131072, 8192, 120
write, 0, 0, 3120592, 131072, 8192, 120
write, 0, 0, 3119762, 131072, 8192, 120
write, 0, 0, 3120682, 131072, 8192, 120
write, 0, 0, 3113791, 131072, 8192, 120
write, 0, 0, 3125833, 131072, 8192, 120
write, 0, 0, 3121202, 131072, 8192, 120
write, 0, 0, 3120692, 131072, 8192, 120
write, 0, 0, 3113792, 131072, 8192, 120
write, 0, 0, 3120552, 131072, 8192, 120
write, 0, 0, 3123503, 131072, 8192, 120
write, 0, 0, 3119702, 131072, 8192, 120
write, 0, 0, 3118002, 131072, 8192, 120
write, 0, 0, 3113801, 131072, 8192, 120
write, 0, 0, 3119812, 131072, 8192, 120
write, 0, 0, 3120662, 131072, 8192, 120
write, 0, 0, 3119732, 131072, 8192, 120
write, 0, 0, 3113781, 131072, 8192, 120
write, 0, 0, 3113772, 131072, 8192, 120
write, 0, 0, 3120732, 131072, 8192, 120
write, 0, 0, 3119342, 131072, 8192, 120
write, 0, 0, 3120582, 131072, 8192, 120
write, 0, 0, 3113812, 131072, 8192, 120
write, 0, 0, 3119532, 131072, 8192, 120
write, 0, 0, 3120502, 131072, 8192, 120
write, 0, 0, 3119352, 131072, 8192, 120
write, 0, 0, 3120462, 131072, 8192, 120
write, 0, 0, 3113802, 131072, 8192, 120
write, 0, 0, 3122592, 131072, 8192, 120
write, 1, 0, 3144114, 131072, 8192, 120
write, 1, 0, 3124272, 131072, 8192, 120
write, 1, 0, 3113791, 131072, 8192, 120
write, 1, 0, 3131343, 131072, 8192, 120
write, 1, 0, 3122892, 131072, 8192, 120
write, 1, 0, 3127092, 131072, 8192, 120
write, 1, 0, 3113791, 131072, 8192, 120
write, 1, 0, 3121702, 131072, 8192, 120
write, 1, 0, 3120762, 131072, 8192, 120
write, 1, 0, 3119501, 131072, 8192, 120
write, 1, 0, 3120602, 131072, 8192, 120
write, 1, 0, 3113801, 131072, 8192, 120
write, 1, 0, 3120622, 131072, 8192, 120
write, 1, 0, 3120422, 131072, 8192, 120
write, 1, 0, 3119322, 131072, 8192, 120
write, 1, 0, 3120432, 131072, 8192, 120
write, 1, 0, 3113801, 131072, 8192, 120
write, 1, 0, 3120472, 131072, 8192, 120
write, 1, 0, 3120602, 131072, 8192, 120
write, 1, 0, 3120512, 131072, 8192, 120
write, 1, 0, 3113771, 131072, 8192, 120
write, 1, 0, 3120532, 131072, 8192, 120
write, 1, 0, 3120572, 131072, 8192, 120
write, 1, 0, 3120582, 131072, 8192, 120
write, 1, 0, 3120572, 131072, 8192, 120
write, 1, 0, 3113792, 131072, 8192, 120
write, 1, 0, 3120542, 131072, 8192, 120
write, 1, 0, 3127823, 131072, 8192, 120
write, 1, 0, 3121282, 131072, 8192, 120
write, 1, 0, 3113792, 131072, 8192, 120
write, 1, 0, 3120662, 131072, 8192, 120
write, 1, 0, 3120412, 131072, 8192, 120
write, 1, 0, 3120512, 131072, 8192, 120
write, 1, 0, 3120542, 131072, 8192, 120
write, 1, 0, 3115272, 131072, 8192, 120
write, 1, 0, 3120642, 131072, 8192, 120
write, 1, 0, 3120492, 131072, 8192, 120
write, 1, 0, 3119702, 131072, 8192, 120
write, 1, 0, 3113792, 131072, 8192, 120
write, 1, 0, 3119862, 131072, 8192, 120
write, 1, 0, 3120642, 131072, 8192, 120
write, 1, 0, 3120512, 131072, 8192, 120
write, 1, 0, 3119442, 131072, 8192, 120
write, 1, 0, 3113811, 131072, 8192, 120
write, 1, 0, 3120532, 131072, 8192, 120
write, 1, 0, 3120442, 131072, 8192, 120
write, 1, 0, 3119382, 131072, 8192, 120
write, 1, 0, 3119412, 131072, 8192, 120
write, 1, 0, 3113801, 131072, 8192, 120
write, 1, 0, 3120502, 131072, 8192, 120
write, 1, 0, 3119361, 131072, 8192, 120
write, 1, 0, 3119362, 131072, 8192, 120
write, 1, 0, 3113801, 131072, 8192, 120
write, 1, 0, 3120522, 131072, 8192, 120
write, 1, 0, 3119352, 131072, 8192, 120
write, 1, 0, 3119372, 131072, 8192, 120
write, 1, 0, 3120562, 131072, 8192, 120
write, 1, 0, 3113771, 131072, 8192, 120
write, 1, 0, 3119372, 131072, 8192, 120
write, 1, 0, 3120462, 131072, 8192, 120
write, 1, 0, 3125833, 131072, 8192, 120
write, 1, 0, 3113802, 131072, 8192, 120
write, 1, 0, 3121233, 131072, 8192, 120
write, 1, 0, 3120632, 131072, 8192, 120
write, 1, 0, 3119462, 131072, 8192, 120
write, 1, 0, 3120542, 131072, 8192, 120
write, 1, 0, 3115282, 131072, 8192, 120
write, 1, 0, 3120602, 131072, 8192, 120
write, 1, 0, 3120542, 131072, 8192, 120
write, 1, 0, 3120472, 131072, 8192, 120
write, 1, 0, 3113792, 131072, 8192, 120
write, 1, 0, 3119782, 131072, 8192, 120
write, 1, 0, 3119772, 131072, 8192, 120
write, 1, 0, 3120762, 131072, 8192, 120
write, 1, 0, 3120492, 131072, 8192, 120
write, 1, 0, 3113801, 131072, 8192, 120
write, 1, 0, 3119422, 131072, 8192, 120
write, 1, 0, 3120502, 131072, 8192, 120
write, 1, 0, 3120542, 131072, 8192, 120
write, 1, 0, 3120542, 131072, 8192, 120
write, 1, 0, 3113791, 131072, 8192, 120
write, 1, 0, 3122572, 131072, 8192, 120
write, 1, 0, 3121002, 131072, 8192, 120
write, 1, 0, 3120672, 131072, 8192, 120
write, 1, 0, 3113791, 131072, 8192, 120
write, 1, 0, 3120572, 131072, 8192, 120
write, 1, 0, 3120452, 131072, 8192, 120
write, 1, 0, 3119492, 131072, 8192, 120
write, 1, 0, 3119422, 131072, 8192, 120
write, 1, 0, 3113801, 131072, 8192, 120
write, 1, 0, 3119482, 131072, 8192, 120
write, 1, 0, 3120462, 131072, 8192, 120
write, 1, 0, 3120452, 131072, 8192, 120
write, 1, 0, 3113801, 131072, 8192, 120
write, 1, 0, 3126163, 131072, 8192, 120
write, 1, 0, 3121273, 131072, 8192, 120
write, 1, 0, 3120742, 131072, 8192, 120
write, 1, 0, 3120442, 131072, 8192, 120
write, 1, 0, 3115251, 131072, 8192, 120
write, 1, 0, 3122832, 131072, 8192, 120
write, 2, 0, 3144525, 131072, 8192, 120
write, 2, 0, 3122892, 131072, 8192, 120
write, 2, 0, 3113802, 131072, 8192, 120
write, 2, 0, 3130253, 131072, 8192, 120
write, 2, 0, 3121722, 131072, 8192, 120
write, 2, 0, 3126723, 131072, 8192, 120
write, 2, 0, 3113802, 131072, 8192, 120
write, 2, 0, 3120363, 131072, 8192, 120
write, 2, 0, 3119672, 131072, 8192, 120
write, 2, 0, 3119652, 131072, 8192, 120
write, 2, 0, 3119662, 131072, 8192, 120
write, 2, 0, 3113801, 131072, 8192, 120
write, 2, 0, 3119692, 131072, 8192, 120
write, 2, 0, 3119671, 131072, 8192, 120
write, 2, 0, 3119672, 131072, 8192, 120
write, 2, 0, 3119662, 131072, 8192, 120
write, 2, 0, 3113802, 131072, 8192, 120
write, 2, 0, 3119712, 131072, 8192, 120
write, 2, 0, 3119682, 131072, 8192, 120
write, 2, 0, 3119602, 131072, 8192, 120
write, 2, 0, 3113801, 131072, 8192, 120
write, 2, 0, 3127633, 131072, 8192, 120
write, 2, 0, 3120382, 131072, 8192, 120
write, 2, 0, 3119822, 131072, 8192, 120
write, 2, 0, 3119582, 131072, 8192, 120
write, 2, 0, 3113802, 131072, 8192, 120
write, 2, 0, 3119631, 131072, 8192, 120
write, 2, 0, 3119632, 131072, 8192, 120
write, 2, 0, 3119562, 131072, 8192, 120
write, 2, 0, 3113792, 131072, 8192, 120
write, 2, 0, 3119602, 131072, 8192, 120
write, 2, 0, 3119672, 131072, 8192, 120
write, 2, 0, 3119632, 131072, 8192, 120
write, 2, 0, 3119722, 131072, 8192, 120
write, 2, 0, 3113791, 131072, 8192, 120
write, 2, 0, 3119712, 131072, 8192, 120
write, 2, 0, 3119662, 131072, 8192, 120
write, 2, 0, 3119602, 131072, 8192, 120
write, 2, 0, 3113792, 131072, 8192, 120
write, 2, 0, 3119602, 131072, 8192, 120
write, 2, 0, 3119612, 131072, 8192, 120
write, 2, 0, 3119672, 131072, 8192, 120
write, 2, 0, 3119622, 131072, 8192, 120
write, 2, 0, 3113801, 131072, 8192, 120
write, 2, 0, 3119642, 131072, 8192, 120
write, 2, 0, 3119642, 131072, 8192, 120
write, 2, 0, 3119592, 131072, 8192, 120
write, 2, 0, 3119632, 131072, 8192, 120
write, 2, 0, 3113802, 131072, 8192, 120
write, 2, 0, 3119582, 131072, 8192, 120
write, 2, 0, 3119572, 131072, 8192, 120
write, 2, 0, 3119612, 131072, 8192, 120
write, 2, 0, 3113801, 131072, 8192, 120
write, 2, 0, 3119652, 131072, 8192, 120
write, 2, 0, 3124842, 131072, 8192, 120
write, 2, 0, 3120152, 131072, 8192, 120
write, 2, 0, 3119822, 131072, 8192, 120
write, 2, 0, 3113811, 131072, 8192, 120
write, 2, 0, 3119622, 131072, 8192, 120
write, 2, 0, 3119622, 131072, 8192, 120
write, 2, 0, 3119672, 131072, 8192, 120
write, 2, 0, 3113801, 131072, 8192, 120
write, 2, 0, 3119642, 131072, 8192, 120
write, 2, 0, 3119632, 131072, 8192, 120
write, 2, 0, 3119612, 131072, 8192, 120
write, 2, 0, 3119622, 131072, 8192, 120
write, 2, 0, 3113802, 131072, 8192, 120
write, 2, 0, 3119662, 131072, 8192, 120
write, 2, 0, 3119562, 131072, 8192, 120
write, 2, 0, 3119582, 131072, 8192, 120
write, 2, 0, 3113802, 131072, 8192, 120
write, 2, 0, 3119602, 131072, 8192, 120
write, 2, 0, 3119562, 131072, 8192, 120
write, 2, 0, 3119561, 131072, 8192, 120
write, 2, 0, 3119722, 131072, 8192, 120
write, 2, 0, 3113811, 131072, 8192, 120
write, 2, 0, 3119662, 131072, 8192, 120
write, 2, 0, 3119642, 131072, 8192, 120
write, 2, 0, 3119592, 131072, 8192, 120
write, 2, 0, 3119582, 131072, 8192, 120
write, 2, 0, 3113811, 131072, 8192, 120
write, 2, 0, 3122632, 131072, 8192, 120
write, 2, 0, 3120092, 131072, 8192, 120
write, 2, 0, 3119592, 131072, 8192, 120
write, 2, 0, 3113802, 131072, 8192, 120
write, 2, 0, 3119672, 131072, 8192, 120
write, 2, 0, 3119682, 131072, 8192, 120
write, 2, 0, 3124872, 131072, 8192, 120
write, 2, 0, 3120352, 131072, 8192, 120
write, 2, 0, 3113802, 131072, 8192, 120
write, 2, 0, 3119902, 131072, 8192, 120
write, 2, 0, 3119562, 131072, 8192, 120
write, 2, 0, 3119601, 131072, 8192, 120
write, 2, 0, 3113801, 131072, 8192, 120
write, 2, 0, 3119632, 131072, 8192, 120
write, 2, 0, 3119672, 131072, 8192, 120
write, 2, 0, 3119572, 131072, 8192, 120
write, 2, 0, 3119602, 131072, 8192, 120
write, 2, 0, 3113751, 131072, 8192, 120
write, 2, 0, 3121752, 131072, 8192, 120
write, 3, 0, 3145464, 131072, 8192, 120
write, 3, 0, 3123372, 131072, 8192, 120
write, 3, 0, 3113771, 131072, 8192, 120
write, 3, 0, 3135224, 131072, 8192, 120
write, 3, 0, 3129163, 131072, 8192, 120
write, 3, 0, 3121712, 131072, 8192, 120
write, 3, 0, 3127192, 131072, 8192, 120
write, 3, 0, 3113791, 131072, 8192, 120
write, 3, 0, 3121392, 131072, 8192, 120
write, 3, 0, 3120632, 131072, 8192, 120
write, 3, 0, 3120592, 131072, 8192, 120
write, 3, 0, 3113792, 131072, 8192, 120
write, 3, 0, 3120572, 131072, 8192, 120
write, 3, 0, 3120512, 131072, 8192, 120
write, 3, 0, 3120502, 131072, 8192, 120
write, 3, 0, 3119382, 131072, 8192, 120
write, 3, 0, 3113801, 131072, 8192, 120
write, 3, 0, 3119502, 131072, 8192, 120
write, 3, 0, 3120552, 131072, 8192, 120
write, 3, 0, 3160767, 131072, 8192, 120
write, 3, 0, 3122412, 131072, 8192, 120
write, 3, 0, 3113751, 131072, 8192, 120
write, 3, 0, 3121102, 131072, 8192, 120
write, 3, 0, 3120612, 131072, 8192, 120
write, 3, 0, 3119462, 131072, 8192, 120
write, 3, 0, 3116392, 131072, 8192, 120
write, 3, 0, 3120662, 131072, 8192, 120
write, 3, 0, 3119342, 131072, 8192, 120
write, 3, 0, 3119412, 131072, 8192, 120
write, 3, 0, 3120572, 131072, 8192, 120
write, 3, 0, 3113791, 131072, 8192, 120
write, 3, 0, 3119302, 131072, 8192, 120
write, 3, 0, 3119322, 131072, 8192, 120
write, 3, 0, 3119342, 131072, 8192, 120
write, 3, 0, 3113791, 131072, 8192, 120
write, 3, 0, 3120582, 131072, 8192, 120
write, 3, 0, 3126763, 131072, 8192, 120
write, 3, 0, 3121322, 131072, 8192, 120
write, 3, 0, 3119542, 131072, 8192, 120
write, 3, 0, 3113792, 131072, 8192, 120
write, 3, 0, 3123672, 131072, 8192, 120
write, 3, 0, 3120952, 131072, 8192, 120
write, 3, 0, 3117942, 131072, 8192, 120
write, 3, 0, 3113801, 131072, 8192, 120
write, 3, 0, 3120682, 131072, 8192, 120
write, 3, 0, 3119382, 131072, 8192, 120
write, 3, 0, 3120463, 131072, 8192, 120
write, 3, 0, 3120632, 131072, 8192, 120
write, 3, 0, 3113791, 131072, 8192, 120
write, 3, 0, 3117992, 131072, 8192, 120
write, 3, 0, 3120502, 131072, 8192, 120
write, 3, 0, 3119352, 131072, 8192, 120
write, 3, 0, 3120422, 131072, 8192, 120
write, 3, 0, 3113791, 131072, 8192, 120
write, 3, 0, 3120552, 131072, 8192, 120
write, 3, 0, 3120562, 131072, 8192, 120
write, 3, 0, 3119362, 131072, 8192, 120
write, 3, 0, 3113791, 131072, 8192, 120
write, 3, 0, 3119342, 131072, 8192, 120
write, 3, 0, 3120543, 131072, 8192, 120
write, 3, 0, 3120462, 131072, 8192, 120
write, 3, 0, 3120422, 131072, 8192, 120
write, 3, 0, 3113782, 131072, 8192, 120
write, 3, 0, 3119382, 131072, 8192, 120
write, 3, 0, 3120522, 131072, 8192, 120
write, 3, 0, 3120632, 131072, 8192, 120
write, 3, 0, 3113791, 131072, 8192, 120
write, 3, 0, 3120522, 131072, 8192, 120
write, 3, 0, 3119402, 131072, 8192, 120
write, 3, 0, 3126433, 131072, 8192, 120
write, 3, 0, 3120252, 131072, 8192, 120
write, 3, 0, 3113771, 131072, 8192, 120
write, 3, 0, 3120722, 131072, 8192, 120
write, 3, 0, 3120502, 131072, 8192, 120
write, 3, 0, 3120503, 131072, 8192, 120
write, 3, 0, 3113761, 131072, 8192, 120
write, 3, 0, 3119402, 131072, 8192, 120
write, 3, 0, 3119352, 131072, 8192, 120
write, 3, 0, 3120592, 131072, 8192, 120
write, 3, 0, 3120612, 131072, 8192, 120
write, 3, 0, 3113791, 131072, 8192, 120
write, 3, 0, 3119472, 131072, 8192, 120
write, 3, 0, 3120532, 131072, 8192, 120
write, 3, 0, 3120512, 131072, 8192, 120
write, 3, 0, 3120532, 131072, 8192, 120
write, 3, 0, 3113751, 131072, 8192, 120
write, 3, 0, 3119432, 131072, 8192, 120
write, 3, 0, 3119352, 131072, 8192, 120
write, 3, 0, 3121292, 131072, 8192, 120
write, 3, 0, 3113751, 131072, 8192, 120
write, 3, 0, 3120602, 131072, 8192, 120
write, 3, 0, 3119402, 131072, 8192, 120
write, 3, 0, 3119272, 131072, 8192, 120
write, 3, 0, 3120482, 131072, 8192, 120
write, 3, 0, 3113771, 131072, 8192, 120
write, 3, 0, 3120532, 131072, 8192, 120
write, 3, 0, 3120452, 131072, 8192, 120
write, 3, 0, 3119332, 131072, 8192, 120
write, 3, 0, 3113761, 131072, 8192, 120
write, 3, 0, 3122782, 131072, 8192, 120
write, 0, 0, 4104881, 131072, 8192, 160
write, 0, 0, 4097070, 131072, 8192, 160
write, 0, 0, 4095569, 131072, 8192, 160
write, 0, 0, 4094000, 131072, 8192, 160
write, 0, 0, 4094710, 131072, 8192, 160
write, 0, 0, 4094349, 131072, 8192, 160
write, 0, 0, 4090819, 131072, 8192, 160
write, 0, 0, 4095480, 131072, 8192, 160
write, 0, 0, 4094090, 131072, 8192, 160
write, 0, 0, 4095030, 131072, 8192, 160
write, 0, 0, 4092889, 131072, 8192, 160
write, 0, 0, 4094219, 131072, 8192, 160
write, 0, 0, 4139034, 131072, 8192, 160
write, 0, 0, 4095889, 131072, 8192, 160
write, 0, 0, 4094570, 131072, 8192, 160
write, 0, 0, 4094270, 131072, 8192, 160
write, 0, 0, 4094420, 131072, 8192, 160
write, 0, 0, 4094349, 131072, 8192, 160
write, 0, 0, 4101710, 131072, 8192, 160
write, 0, 0, 4095249, 131072, 8192, 160
write, 0, 0, 4092949, 131072, 8192, 160
write, 0, 0, 4097440, 131072, 8192, 160
write, 0, 0, 4090909, 131072, 8192, 160
write, 0, 0, 4094199, 131072, 8192, 160
write, 0, 0, 4094180, 131072, 8192, 160
write, 0, 0, 4094200, 131072, 8192, 160
write, 0, 0, 4090749, 131072, 8192, 160
write, 0, 0, 4092839, 131072, 8192, 160
write, 0, 0, 4102410, 131072, 8192, 160
write, 0, 0, 4095389, 131072, 8192, 160
write, 0, 0, 4094350, 131072, 8192, 160
write, 0, 0, 4093460, 131072, 8192, 160
write, 0, 0, 4092889, 131072, 8192, 160
write, 0, 0, 4094229, 131072, 8192, 160
write, 0, 0, 4094249, 131072, 8192, 160
write, 0, 0, 4222272, 131072, 8192, 160
write, 0, 0, 4206071, 131072, 8192, 160
write, 0, 0, 4096260, 131072, 8192, 160
write, 0, 0, 4093199, 131072, 8192, 160
write, 0, 0, 4092719, 131072, 8192, 160
write, 0, 0, 4092650, 131072, 8192, 160
write, 0, 0, 4092730, 131072, 8192, 160
write, 0, 0, 4094179, 131072, 8192, 160
write, 0, 0, 4100470, 131072, 8192, 160
write, 0, 0, 4095229, 131072, 8192, 160
write, 0, 0, 4092869, 131072, 8192, 160
write, 0, 0, 4094410, 131072, 8192, 160
write, 0, 0, 4093380, 131072, 8192, 160
write, 0, 0, 4094380, 131072, 8192, 160
write, 0, 0, 4092649, 131072, 8192, 160
write, 0, 0, 4092669, 131072, 8192, 160
write, 0, 0, 4094159, 131072, 8192, 160
write, 0, 0, 4092689, 131072, 8192, 160
write, 0, 0, 4092740, 131072, 8192, 160
write, 0, 0, 4093420, 131072, 8192, 160
write, 0, 0, 4094439, 131072, 8192, 160
write, 0, 0, 4092699, 131072, 8192, 160
write, 0, 0, 4093389, 131072, 8192, 160
write, 0, 0, 4098240, 131072, 8192, 160
write, 0, 0, 4094229, 131072, 8192, 160
write, 0, 0, 4094169, 131072, 8192, 160
write, 0, 0, 4097270, 131072, 8192, 160
write, 0, 0, 4093099, 131072, 8192, 160
write, 0, 0, 4094409, 131072, 8192, 160
write, 0, 0, 4092639, 131072, 8192, 160
write, 0, 0, 4092629, 131072, 8192, 160
write, 0, 0, 4094320, 131072, 8192, 160
write, 0, 0, 4094020, 131072, 8192, 160
write, 0, 0, 4099900, 131072, 8192, 160
write, 0, 0, 4093530, 131072, 8192, 160
write, 0, 0, 4094389, 131072, 8192, 160
write, 0, 0, 4090779, 131072, 8192, 160
write, 0, 0, 4093449, 131072, 8192, 160
write, 0, 0, 4092929, 131072, 8192, 160
write, 0, 0, 4092600, 131072, 8192, 160
write, 0, 0, 4094209, 131072, 8192, 160
write, 0, 0, 4094109, 131072, 8192, 160
write, 0, 0, 4092659, 131072, 8192, 160
write, 0, 0, 4094209, 131072, 8192, 160
write, 0, 0, 4093570, 131072, 8192, 160
write, 0, 0, 4092970, 131072, 8192, 160
write, 0, 0, 4092719, 131072, 8192, 160
write, 0, 0, 4093479, 131072, 8192, 160
write, 0, 0, 4094339, 131072, 8192, 160
write, 0, 0, 4094079, 131072, 8192, 160
write, 0, 0, 4094220, 131072, 8192, 160
write, 0, 0, 4094300, 131072, 8192, 160
write, 0, 0, 4094219, 131072, 8192, 160
write, 0, 0, 4092669, 131072, 8192, 160
write, 0, 0, 4094159, 131072, 8192, 160
write, 0, 0, 4090629, 131072, 8192, 160
write, 0, 0, 4092650, 131072, 8192, 160
write, 0, 0, 4092660, 131072, 8192, 160
write, 0, 0, 4094149, 131072, 8192, 160
write, 0, 0, 4099610, 131072, 8192, 160
write, 0, 0, 4094979, 131072, 8192, 160
write, 0, 0, 4090929, 131072, 8192, 160
write, 0, 0, 4097300, 131072, 8192, 160
write, 0, 0, 4094439, 131072, 8192, 160
write, 0, 0, 4096490, 131072, 8192, 160
write, 1, 0, 4102550, 131072, 8192, 160
write, 1, 0, 4095559, 131072, 8192, 160
write, 1, 0, 4094640, 131072, 8192, 160
write, 1, 0, 4095089, 131072, 8192, 160
write, 1, 0, 4094569, 131072, 8192, 160
write, 1, 0, 4093009, 131072, 8192, 160
write, 1, 0, 4095620, 131072, 8192, 160
write, 1, 0, 4093709, 131072, 8192, 160
write, 1, 0, 4094399, 131072, 8192, 160
write, 1, 0, 4093339, 131072, 8192, 160
write, 1, 0, 4103131, 131072, 8192, 160
write, 1, 0, 4095420, 131072, 8192, 160
write, 1, 0, 4094489, 131072, 8192, 160
write, 1, 0, 4092929, 131072, 8192, 160
write, 1, 0, 4094320, 131072, 8192, 160
write, 1, 0, 4094370, 131072, 8192, 160
write, 1, 0, 4094339, 131072, 8192, 160
write, 1, 0, 4092859, 131072, 8192, 160
write, 1, 0, 4094259, 131072, 8192, 160
write, 1, 0, 4098000, 131072, 8192, 160
write, 1, 0, 4093429, 131072, 8192, 160
write, 1, 0, 4094349, 131072, 8192, 160
write, 1, 0, 4092739, 131072, 8192, 160
write, 1, 0, 4093539, 131072, 8192, 160
write, 1, 0, 4094440, 131072, 8192, 160
write, 1, 0, 4094270, 131072, 8192, 160
write, 1, 0, 4092799, 131072, 8192, 160
write, 1, 0, 4092789, 131072, 8192, 160
write, 1, 0, 4094219, 131072, 8192, 160
write, 1, 0, 4094310, 131072, 8192, 160
write, 1, 0, 4094150, 131072, 8192, 160
write, 1, 0, 4094189, 131072, 8192, 160
write, 1, 0, 4094249, 131072, 8192, 160
write, 1, 0, 4094289, 131072, 8192, 160
write, 1, 0, 4092739, 131072, 8192, 160
write, 1, 0, 4099950, 131072, 8192, 160
write, 1, 0, 4094970, 131072, 8192, 160
write, 1, 0, 4094370, 131072, 8192, 160
write, 1, 0, 4094279, 131072, 8192, 160
write, 1, 0, 4090939, 131072, 8192, 160
write, 1, 0, 4094319, 131072, 8192, 160
write, 1, 0, 4094260, 131072, 8192, 160
write, 1, 0, 4092790, 131072, 8192, 160
write, 1, 0, 4094350, 131072, 8192, 160
write, 1, 0, 4092809, 131072, 8192, 160
write, 1, 0, 4094289, 131072, 8192, 160
write, 1, 0, 4093439, 131072, 8192, 160
write, 1, 0, 4094500, 131072, 8192, 160
write, 1, 0, 4092890, 131072, 8192, 160
write, 1, 0, 4093469, 131072, 8192, 160
write, 1, 0, 4092949, 131072, 8192, 160
write, 1, 0, 4092829, 131072, 8192, 160
write, 1, 0, 4092649, 131072, 8192, 160
write, 1, 0, 4094220, 131072, 8192, 160
write, 1, 0, 4094200, 131072, 8192, 160
write, 1, 0, 4094249, 131072, 8192, 160
write, 1, 0, 4094309, 131072, 8192, 160
write, 1, 0, 4094389, 131072, 8192, 160
write, 1, 0, 4097930, 131072, 8192, 160
write, 1, 0, 4094329, 131072, 8192, 160
write, 1, 0, 4099800, 131072, 8192, 160
write, 1, 0, 4097959, 131072, 8192, 160
write, 1, 0, 4094780, 131072, 8192, 160
write, 1, 0, 4090920, 131072, 8192, 160
write, 1, 0, 4094219, 131072, 8192, 160
write, 1, 0, 4092759, 131072, 8192, 160
write, 1, 0, 4092849, 131072, 8192, 160
write, 1, 0, 4094210, 131072, 8192, 160
write, 1, 0, 4094250, 131072, 8192, 160
write, 1, 0, 4094769, 131072, 8192, 160
write, 1, 0, 4094319, 131072, 8192, 160
write, 1, 0, 4093489, 131072, 8192, 160
write, 1, 0, 4092949, 131072, 8192, 160
write, 1, 0, 4094310, 131072, 8192, 160
write, 1, 0, 4093579, 131072, 8192, 160
write, 1, 0, 4092929, 131072, 8192, 160
write, 1, 0, 4092859, 131072, 8192, 160
write, 1, 0, 4092769, 131072, 8192, 160
write, 1, 0, 4094240, 131072, 8192, 160
write, 1, 0, 4094320, 131072, 8192, 160
write, 1, 0, 4094269, 131072, 8192, 160
write, 1, 0, 4092849, 131072, 8192, 160
write, 1, 0, 4092749, 131072, 8192, 160
write, 1, 0, 4094220, 131072, 8192, 160
write, 1, 0, 4094230, 131072, 8192, 160
write, 1, 0, 4094239, 131072, 8192, 160
write, 1, 0, 4099650, 131072, 8192, 160
write, 1, 0, 4094940, 131072, 8192, 160
write, 1, 0, 4092949, 131072, 8192, 160
write, 1, 0, 4092779, 131072, 8192, 160
write, 1, 0, 4092839, 131072, 8192, 160
write, 1, 0, 4092760, 131072, 8192, 160
write, 1, 0, 4094300, 131072, 8192, 160
write, 1, 0, 4094219, 131072, 8192, 160
write, 1, 0, 4094189, 131072, 8192, 160
write, 1, 0, 4094289, 131072, 8192, 160
write, 1, 0, 4092800, 131072, 8192, 160
write, 1, 0, 4099920, 131072, 8192, 160
write, 1, 0, 4095069, 131072, 8192, 160
write, 1, 0, 4129453, 131072, 8192, 160
write, 2, 0, 4106831, 131072, 8192, 160
write, 2, 0, 4105181, 131072, 8192, 160
write, 2, 0, 4094729, 131072, 8192, 160
write, 2, 0, 4093780, 131072, 8192, 160
write, 2, 0, 4092120, 131072, 8192, 160
write, 2, 0, 4091579, 131072, 8192, 160
write, 2, 0, 4091139, 131072, 8192, 160
write, 2, 0, 4091289, 131072, 8192, 160
write, 2, 0, 4090950, 131072, 8192, 160
write, 2, 0, 4090799, 131072, 8192, 160
write, 2, 0, 4090769, 131072, 8192, 160
write, 2, 0, 4090939, 131072, 8192, 160
write, 2, 0, 4093520, 131072, 8192, 160
write, 2, 0, 4090939, 131072, 8192, 160
write, 2, 0, 4090739, 131072, 8192, 160
write, 2, 0, 4090739, 131072, 8192, 160
write, 2, 0, 4090929, 131072, 8192, 160
write, 2, 0, 4090799, 131072, 8192, 160
write, 2, 0, 4095770, 131072, 8192, 160
write, 2, 0, 4090769, 131072, 8192, 160
write, 2, 0, 4090799, 131072, 8192, 160
write, 2, 0, 4090759, 131072, 8192, 160
write, 2, 0, 4090829, 131072, 8192, 160
write, 2, 0, 4090819, 131072, 8192, 160
write, 2, 0, 4090699, 131072, 8192, 160
write, 2, 0, 4090849, 131072, 8192, 160
write, 2, 0, 4100070, 131072, 8192, 160
write, 2, 0, 4095129, 131072, 8192, 160
write, 2, 0, 4094280, 131072, 8192, 160
write, 2, 0, 4094190, 131072, 8192, 160
write, 2, 0, 4090789, 131072, 8192, 160
write, 2, 0, 4090679, 131072, 8192, 160
write, 2, 0, 4090719, 131072, 8192, 160
write, 2, 0, 4090779, 131072, 8192, 160
write, 2, 0, 4090859, 131072, 8192, 160
write, 2, 0, 4090720, 131072, 8192, 160
write, 2, 0, 4090719, 131072, 8192, 160
write, 2, 0, 4090749, 131072, 8192, 160
write, 2, 0, 4090789, 131072, 8192, 160
write, 2, 0, 4090869, 131072, 8192, 160
write, 2, 0, 4090719, 131072, 8192, 160
write, 2, 0, 4090659, 131072, 8192, 160
write, 2, 0, 4090669, 131072, 8192, 160
write, 2, 0, 4090769, 131072, 8192, 160
write, 2, 0, 4090669, 131072, 8192, 160
write, 2, 0, 4090719, 131072, 8192, 160
write, 2, 0, 4090720, 131072, 8192, 160
write, 2, 0, 4090739, 131072, 8192, 160
write, 2, 0, 4090639, 131072, 8192, 160
write, 2, 0, 4090769, 131072, 8192, 160
write, 2, 0, 4090719, 131072, 8192, 160
write, 2, 0, 4090689, 131072, 8192, 160
write, 2, 0, 4097659, 131072, 8192, 160
write, 2, 0, 4091469, 131072, 8192, 160
write, 2, 0, 4090740, 131072, 8192, 160
write, 2, 0, 4090849, 131072, 8192, 160
write, 2, 0, 4090669, 131072, 8192, 160
write, 2, 0, 4090639, 131072, 8192, 160
write, 2, 0, 4090699, 131072, 8192, 160
write, 2, 0, 4090689, 131072, 8192, 160
write, 2, 0, 4090769, 131072, 8192, 160
write, 2, 0, 4097280, 131072, 8192, 160
write, 2, 0, 4093149, 131072, 8192, 160
write, 2, 0, 4093409, 131072, 8192, 160
write, 2, 0, 4092989, 131072, 8192, 160
write, 2, 0, 4090749, 131072, 8192, 160
write, 2, 0, 4092699, 131072, 8192, 160
write, 2, 0, 4090589, 131072, 8192, 160
write, 2, 0, 4090649, 131072, 8192, 160
write, 2, 0, 4090719, 131072, 8192, 160
write, 2, 0, 4090769, 131072, 8192, 160
write, 2, 0, 4090719, 131072, 8192, 160
write, 2, 0, 4090759, 131072, 8192, 160
write, 2, 0, 4092699, 131072, 8192, 160
write, 2, 0, 4090699, 131072, 8192, 160
write, 2, 0, 4090819, 131072, 8192, 160
write, 2, 0, 4090749, 131072, 8192, 160
write, 2, 0, 4098139, 131072, 8192, 160
write, 2, 0, 4091559, 131072, 8192, 160
write, 2, 0, 4090820, 131072, 8192, 160
write, 2, 0, 4090729, 131072, 8192, 160
write, 2, 0, 4090809, 131072, 8192, 160
write, 2, 0, 4090659, 131072, 8192, 160
write, 2, 0, 4090629, 131072, 8192, 160
write, 2, 0, 4090639, 131072, 8192, 160
write, 2, 0, 4090619, 131072, 8192, 160
write, 2, 0, 4090749, 131072, 8192, 160
write, 2, 0, 4090679, 131072, 8192, 160
write, 2, 0, 4090659, 131072, 8192, 160
write, 2, 0, 4093460, 131072, 8192, 160
write, 2, 0, 4090939, 131072, 8192, 160
write, 2, 0, 4090649, 131072, 8192, 160
write, 2, 0, 4090729, 131072, 8192, 160
write, 2, 0, 4090709, 131072, 8192, 160
write, 2, 0, 4090679, 131072, 8192, 160
write, 2, 0, 4090729, 131072, 8192, 160
write, 2, 0, 4090620, 131072, 8192, 160
write, 2, 0, 4093949, 131072, 8192, 160
write, 2, 0, 4095009, 131072, 8192, 160
write, 2, 0, 4094899, 131072, 8192, 160
write, 3, 0, 4106471, 131072, 8192, 160
write, 3, 0, 4096530, 131072, 8192, 160
write, 3, 0, 4093949, 131072, 8192, 160
write, 3, 0, 4095090, 131072, 8192, 160
write, 3, 0, 4095850, 131072, 8192, 160
write, 3, 0, 4095039, 131072, 8192, 160
write, 3, 0, 4094929, 131072, 8192, 160
write, 3, 0, 4094750, 131072, 8192, 160
write, 3, 0, 4094350, 131072, 8192, 160
write, 3, 0, 4094229, 131072, 8192, 160
write, 3, 0, 4094239, 131072, 8192, 160
write, 3, 0, 4092669, 131072, 8192, 160
write, 3, 0, 4092729, 131072, 8192, 160
write, 3, 0, 4094310, 131072, 8192, 160
write, 3, 0, 4094149, 131072, 8192, 160
write, 3, 0, 4094229, 131072, 8192, 160
write, 3, 0, 4092799, 131072, 8192, 160
write, 3, 0, 4094239, 131072, 8192, 160
write, 3, 0, 4096540, 131072, 8192, 160
write, 3, 0, 4094219, 131072, 8192, 160
write, 3, 0, 4094199, 131072, 8192, 160
write, 3, 0, 4102960, 131072, 8192, 160
write, 3, 0, 4093750, 131072, 8192, 160
write, 3, 0, 4091020, 131072, 8192, 160
write, 3, 0, 4092759, 131072, 8192, 160
write, 3, 0, 4094239, 131072, 8192, 160
write, 3, 0, 4094140, 131072, 8192, 160
write, 3, 0, 4092720, 131072, 8192, 160
write, 3, 0, 4094220, 131072, 8192, 160
write, 3, 0, 4090799, 131072, 8192, 160
write, 3, 0, 4097220, 131072, 8192, 160
write, 3, 0, 4094670, 131072, 8192, 160
write, 3, 0, 4090869, 131072, 8192, 160
write, 3, 0, 4094289, 131072, 8192, 160
write, 3, 0, 4094249, 131072, 8192, 160
write, 3, 0, 4092699, 131072, 8192, 160
write, 3, 0, 4092750, 131072, 8192, 160
write, 3, 0, 4094180, 131072, 8192, 160
write, 3, 0, 4094239, 131072, 8192, 160
write, 3, 0, 4094279, 131072, 8192, 160
write, 3, 0, 4094259, 131072, 8192, 160
write, 3, 0, 4092659, 131072, 8192, 160
write, 3, 0, 4092740, 131072, 8192, 160
write, 3, 0, 4094209, 131072, 8192, 160
write, 3, 0, 4105530, 131072, 8192, 160
write, 3, 0, 4093719, 131072, 8192, 160
write, 3, 0, 4092920, 131072, 8192, 160
write, 3, 0, 4100140, 131072, 8192, 160
write, 3, 0, 4094870, 131072, 8192, 160
write, 3, 0, 4094379, 131072, 8192, 160
write, 3, 0, 4094209, 131072, 8192, 160
write, 3, 0, 4291819, 131072, 8192, 160
write, 3, 0, 4131023, 131072, 8192, 160
write, 3, 0, 4096189, 131072, 8192, 160
write, 3, 0, 4094760, 131072, 8192, 160
write, 3, 0, 4096630, 131072, 8192, 160
write, 3, 0, 4094179, 131072, 8192, 160
write, 3, 0, 4094160, 131072, 8192, 160
write, 3, 0, 4094260, 131072, 8192, 160
write, 3, 0, 4092649, 131072, 8192, 160
write, 3, 0, 4094129, 131072, 8192, 160
write, 3, 0, 4094179, 131072, 8192, 160
write, 3, 0, 4092749, 131072, 8192, 160
write, 3, 0, 4092690, 131072, 8192, 160
write, 3, 0, 4094200, 131072, 8192, 160
write, 3, 0, 4092619, 131072, 8192, 160
write, 3, 0, 4094249, 131072, 8192, 160
write, 3, 0, 4094209, 131072, 8192, 160
write, 3, 0, 4092759, 131072, 8192, 160
write, 3, 0, 4094290, 131072, 8192, 160
write, 3, 0, 4092699, 131072, 8192, 160
write, 3, 0, 4094139, 131072, 8192, 160
write, 3, 0, 4100440, 131072, 8192, 160
write, 3, 0, 4094979, 131072, 8192, 160
write, 3, 0, 4090959, 131072, 8192, 160
write, 3, 0, 4094200, 131072, 8192, 160
write, 3, 0, 4094140, 131072, 8192, 160
write, 3, 0, 4090689, 131072, 8192, 160
write, 3, 0, 4094199, 131072, 8192, 160
write, 3, 0, 4094259, 131072, 8192, 160
write, 3, 0, 4094119, 131072, 8192, 160
write, 3, 0, 4092699, 131072, 8192, 160
write, 3, 0, 4092670, 131072, 8192, 160
write, 3, 0, 4094249, 131072, 8192, 160
write, 3, 0, 4092679, 131072, 8192, 160
write, 3, 0, 4092719, 131072, 8192, 160
write, 3, 0, 4094070, 131072, 8192, 160
write, 3, 0, 4094200, 131072, 8192, 160
write, 3, 0, 4094230, 131072, 8192, 160
write, 3, 0, 4094259, 131072, 8192, 160
write, 3, 0, 4092659, 131072, 8192, 160
write, 3, 0, 4094209, 131072, 8192, 160
write, 3, 0, 4092629, 131072, 8192, 160
write, 3, 0, 4095630, 131072, 8192, 160
write, 3, 0, 4098420, 131072, 8192, 160
write, 3, 0, 4094170, 131072, 8192, 160
write, 3, 0, 4094179, 131072, 8192, 160
write, 3, 0, 4099900, 131072, 8192, 160
write, 3, 0, 4095450, 131072, 8192, 160
write, 3, 0, 4096300, 131072, 8192, 160
write, 0, 0, 5079488, 131072, 8192, 200
write, 0, 0, 5071467, 131072, 8192, 200
write, 0, 0, 5073537, 131072, 8192, 200
write, 0, 0, 5068847, 131072, 8192, 200
write, 0, 0, 5067007, 131072, 8192, 200
write, 0, 0, 5072587, 131072, 8192, 200
write, 0, 0, 5067867, 131072, 8192, 200
write, 0, 0, 5068946, 131072, 8192, 200
write, 0, 0, 5066327, 131072, 8192, 200
write, 0, 0, 5070287, 131072, 8192, 200
write, 0, 0, 5068137, 131072, 8192, 200
write, 0, 0, 5068137, 131072, 8192, 200
write, 0, 0, 5067946, 131072, 8192, 200
write, 0, 0, 5071608, 131072, 8192, 200
write, 0, 0, 5076268, 131072, 8192, 200
write, 0, 0, 5068907, 131072, 8192, 200
write, 0, 0, 5071687, 131072, 8192, 200
write, 0, 0, 5068097, 131072, 8192, 200
write, 0, 0, 5066116, 131072, 8192, 200
write, 0, 0, 5066167, 131072, 8192, 200
write, 0, 0, 5071577, 131072, 8192, 200
write, 0, 0, 5066087, 131072, 8192, 200
write, 0, 0, 5066127, 131072, 8192, 200
write, 0, 0, 5067857, 131072, 8192, 200
write, 0, 0, 5071007, 131072, 8192, 200
write, 0, 0, 5068086, 131072, 8192, 200
write, 0, 0, 5067177, 131072, 8192, 200
write, 0, 0, 5066317, 131072, 8192, 200
write, 0, 0, 5067717, 131072, 8192, 200
write, 0, 0, 5067207, 131072, 8192, 200
write, 0, 0, 5066316, 131072, 8192, 200
write, 0, 0, 5071567, 131072, 8192, 200
write, 0, 0, 5068017, 131072, 8192, 200
write, 0, 0, 5067987, 131072, 8192, 200
write, 0, 0, 5067887, 131072, 8192, 200
write, 0, 0, 5078327, 131072, 8192, 200
write, 0, 0, 5068117, 131072, 8192, 200
write, 0, 0, 5067997, 131072, 8192, 200
write, 0, 0, 5067917, 131072, 8192, 200
write, 0, 0, 5071727, 131072, 8192, 200
write, 0, 0, 5067887, 131072, 8192, 200
write, 0, 0, 5067937, 131072, 8192, 200
write, 0, 0, 5071527, 131072, 8192, 200
write, 0, 0, 5068617, 131072, 8192, 200
write, 0, 0, 5068017, 131072, 8192, 200
write, 0, 0, 5067107, 131072, 8192, 200
write, 0, 0, 5071018, 131072, 8192, 200
write, 0, 0, 5068156, 131072, 8192, 200
write, 0, 0, 5067897, 131072, 8192, 200
write, 0, 0, 5066027, 131072, 8192, 200
write, 0, 0, 5074527, 131072, 8192, 200
write, 0, 0, 5068027, 131072, 8192, 200
write, 0, 0, 5066116, 131072, 8192, 200
write, 0, 0, 5071577, 131072, 8192, 200
write, 0, 0, 5068016, 131072, 8192, 200
write, 0, 0, 5073508, 131072, 8192, 200
write, 0, 0, 5066826, 131072, 8192, 200
write, 0, 0, 5071567, 131072, 8192, 200
write, 0, 0, 5066056, 131072, 8192, 200
write, 0, 0, 5067927, 131072, 8192, 200
write, 0, 0, 5067867, 131072, 8192, 200
write, 0, 0, 5071437, 131072, 8192, 200
write, 0, 0, 5066107, 131072, 8192, 200
write, 0, 0, 5067976, 131072, 8192, 200
write, 0, 0, 5067997, 131072, 8192, 200
write, 0, 0, 5070837, 131072, 8192, 200
write, 0, 0, 5068107, 131072, 8192, 200
write, 0, 0, 5067257, 131072, 8192, 200
write, 0, 0, 5071647, 131072, 8192, 200
write, 0, 0, 5067976, 131072, 8192, 200
write, 0, 0, 5067197, 131072, 8192, 200
write, 0, 0, 5068217, 131072, 8192, 200
write, 0, 0, 5071467, 131072, 8192, 200
write, 0, 0, 5067907, 131072, 8192, 200
write, 0, 0, 5067246, 131072, 8192, 200
write, 0, 0, 5068237, 131072, 8192, 200
write, 0, 0, 5077728, 131072, 8192, 200
write, 0, 0, 5068147, 131072, 8192, 200
write, 0, 0, 5067976, 131072, 8192, 200
write, 0, 0, 5071617, 131072, 8192, 200
write, 0, 0, 5067897, 131072, 8192, 200
write, 0, 0, 5067907, 131072, 8192, 200
write, 0, 0, 5067947, 131072, 8192, 200
write, 0, 0, 5071517, 131072, 8192, 200
write, 0, 0, 5067916, 131072, 8192, 200
write, 0, 0, 5068007, 131072, 8192, 200
write, 0, 0, 5067217, 131072, 8192, 200
write, 0, 0, 5142254, 131072, 8192, 200
write, 0, 0, 5068937, 131072, 8192, 200
write, 0, 0, 5066326, 131072, 8192, 200
write, 0, 0, 5070777, 131072, 8192, 200
write, 0, 0, 5068086, 131072, 8192, 200
write, 0, 0, 5067897, 131072, 8192, 200
write, 0, 0, 5067897, 131072, 8192, 200
write, 0, 0, 5071677, 131072, 8192, 200
write, 0, 0, 5067937, 131072, 8192, 200
write, 0, 0, 5073607, 131072, 8192, 200
write, 0, 0, 5068797, 131072, 8192, 200
write, 0, 0, 5071817, 131072, 8192, 200
write, 0, 0, 5070257, 131072, 8192, 200
write, 1, 0, 5071808, 131072, 8192, 200
write, 1, 0, 5073077, 131072, 8192, 200
write, 1, 0, 5067737, 131072, 8192, 200
write, 1, 0, 5069126, 131072, 8192, 200
write, 1, 0, 5069487, 131072, 8192, 200
write, 1, 0, 5070177, 131072, 8192, 200
write, 1, 0, 5067047, 131072, 8192, 200
write, 1, 0, 5066967, 131072, 8192, 200
write, 1, 0, 5067057, 131072, 8192, 200
write, 1, 0, 5069787, 131072, 8192, 200
write, 1, 0, 5067047, 131072, 8192, 200
write, 1, 0, 5067016, 131072, 8192, 200
write, 1, 0, 5066957, 131072, 8192, 200
write, 1, 0, 5069777, 131072, 8192, 200
write, 1, 0, 5066997, 131072, 8192, 200
write, 1, 0, 5067016, 131072, 8192, 200
write, 1, 0, 5069867, 131072, 8192, 200
write, 1, 0, 5066987, 131072, 8192, 200
write, 1, 0, 5074987, 131072, 8192, 200
write, 1, 0, 5067707, 131072, 8192, 200
write, 1, 0, 5070007, 131072, 8192, 200
write, 1, 0, 5066997, 131072, 8192, 200
write, 1, 0, 5067007, 131072, 8192, 200
write, 1, 0, 5067007, 131072, 8192, 200
write, 1, 0, 5069847, 131072, 8192, 200
write, 1, 0, 5067036, 131072, 8192, 200
write, 1, 0, 5067027, 131072, 8192, 200
write, 1, 0, 5069757, 131072, 8192, 200
write, 1, 0, 5067017, 131072, 8192, 200
write, 1, 0, 5067076, 131072, 8192, 200
write, 1, 0, 5067037, 131072, 8192, 200
write, 1, 0, 5069927, 131072, 8192, 200
write, 1, 0, 5066996, 131072, 8192, 200
write, 1, 0, 5066997, 131072, 8192, 200
write, 1, 0, 5067017, 131072, 8192, 200
write, 1, 0, 5069857, 131072, 8192, 200
write, 1, 0, 5066936, 131072, 8192, 200
write, 1, 0, 5067007, 131072, 8192, 200
write, 1, 0, 5066947, 131072, 8192, 200
write, 1, 0, 5076057, 131072, 8192, 200
write, 1, 0, 5067157, 131072, 8192, 200
write, 1, 0, 5067046, 131072, 8192, 200
write, 1, 0, 5069907, 131072, 8192, 200
write, 1, 0, 5067017, 131072, 8192, 200
write, 1, 0, 5067037, 131072, 8192, 200
write, 1, 0, 5066996, 131072, 8192, 200
write, 1, 0, 5069827, 131072, 8192, 200
write, 1, 0, 5067007, 131072, 8192, 200
write, 1, 0, 5067046, 131072, 8192, 200
write, 1, 0, 5067017, 131072, 8192, 200
write, 1, 0, 5073257, 131072, 8192, 200
write, 1, 0, 5067037, 131072, 8192, 200
write, 1, 0, 5067007, 131072, 8192, 200
write, 1, 0, 5069687, 131072, 8192, 200
write, 1, 0, 5067086, 131072, 8192, 200
write, 1, 0, 5067007, 131072, 8192, 200
write, 1, 0, 5066957, 131072, 8192, 200
write, 1, 0, 5069717, 131072, 8192, 200
write, 1, 0, 5067017, 131072, 8192, 200
write, 1, 0, 5072287, 131072, 8192, 200
write, 1, 0, 5067567, 131072, 8192, 200
write, 1, 0, 5069947, 131072, 8192, 200
write, 1, 0, 5067047, 131072, 8192, 200
write, 1, 0, 5067007, 131072, 8192, 200
write, 1, 0, 5066997, 131072, 8192, 200
write, 1, 0, 5069807, 131072, 8192, 200
write, 1, 0, 5102110, 131072, 8192, 200
write, 1, 0, 5068477, 131072, 8192, 200
write, 1, 0, 5070027, 131072, 8192, 200
write, 1, 0, 5067006, 131072, 8192, 200
write, 1, 0, 5067037, 131072, 8192, 200
write, 1, 0, 5066947, 131072, 8192, 200
write, 1, 0, 5069857, 131072, 8192, 200
write, 1, 0, 5066997, 131072, 8192, 200
write, 1, 0, 5066957, 131072, 8192, 200
write, 1, 0, 5067056, 131072, 8192, 200
write, 1, 0, 5069807, 131072, 8192, 200
write, 1, 0, 5066977, 131072, 8192, 200
write, 1, 0, 5067027, 131072, 8192, 200
write, 1, 0, 5075657, 131072, 8192, 200
write, 1, 0, 5067627, 131072, 8192, 200
write, 1, 0, 5067076, 131072, 8192, 200
write, 1, 0, 5066967, 131072, 8192, 200
write, 1, 0, 5069907, 131072, 8192, 200
write, 1, 0, 5066977, 131072, 8192, 200
write, 1, 0, 5066946, 131072, 8192, 200
write, 1, 0, 5067017, 131072, 8192, 200
write, 1, 0, 5069817, 131072, 8192, 200
write, 1, 0, 5066996, 131072, 8192, 200
write, 1, 0, 5067007, 131072, 8192, 200
write, 1, 0, 5066997, 131072, 8192, 200
write, 1, 0, 5066927, 131072, 8192, 200
write, 1, 0, 5066996, 131072, 8192, 200
write, 1, 0, 5067057, 131072, 8192, 200
write, 1, 0, 5069937, 131072, 8192, 200
write, 1, 0, 5067037, 131072, 8192, 200
write, 1, 0, 5067016, 131072, 8192, 200
write, 1, 0, 5067027, 131072, 8192, 200
write, 1, 0, 5070507, 131072, 8192, 200
write, 1, 0, 5116921, 131072, 8192, 200
write, 2, 0, 5077178, 131072, 8192, 200
write, 2, 0, 5075897, 131072, 8192, 200
write, 2, 0, 5066657, 131072, 8192, 200
write, 2, 0, 5067667, 131072, 8192, 200
write, 2, 0, 5067997, 131072, 8192, 200
write, 2, 0, 5072217, 131072, 8192, 200
write, 2, 0, 5068207, 131072, 8192, 200
write, 2, 0, 5066637, 131072, 8192, 200
write, 2, 0, 5068107, 131072, 8192, 200
write, 2, 0, 5071697, 131072, 8192, 200
write, 2, 0, 5067917, 131072, 8192, 200
write, 2, 0, 5068017, 131072, 8192, 200
write, 2, 0, 5079628, 131072, 8192, 200
write, 2, 0, 5068947, 131072, 8192, 200
write, 2, 0, 5068157, 131072, 8192, 200
write, 2, 0, 5067987, 131072, 8192, 200
write, 2, 0, 5071577, 131072, 8192, 200
write, 2, 0, 5067987, 131072, 8192, 200
write, 2, 0, 5067966, 131072, 8192, 200
write, 2, 0, 5066127, 131072, 8192, 200
write, 2, 0, 5071467, 131072, 8192, 200
write, 2, 0, 5067957, 131072, 8192, 200
write, 2, 0, 5067857, 131072, 8192, 200
write, 2, 0, 5066046, 131072, 8192, 200
write, 2, 0, 5071047, 131072, 8192, 200
write, 2, 0, 5068117, 131072, 8192, 200
write, 2, 0, 5066167, 131072, 8192, 200
write, 2, 0, 5069637, 131072, 8192, 200
write, 2, 0, 5068077, 131072, 8192, 200
write, 2, 0, 5068027, 131072, 8192, 200
write, 2, 0, 5066076, 131072, 8192, 200
write, 2, 0, 5120562, 131072, 8192, 200
write, 2, 0, 5069517, 131072, 8192, 200
write, 2, 0, 5073898, 131072, 8192, 200
write, 2, 0, 5066997, 131072, 8192, 200
write, 2, 0, 5071837, 131072, 8192, 200
write, 2, 0, 5067967, 131072, 8192, 200
write, 2, 0, 5068047, 131072, 8192, 200
write, 2, 0, 5071687, 131072, 8192, 200
write, 2, 0, 5068037, 131072, 8192, 200
write, 2, 0, 5067937, 131072, 8192, 200
write, 2, 0, 5067847, 131072, 8192, 200
write, 2, 0, 5069637, 131072, 8192, 200
write, 2, 0, 5065987, 131072, 8192, 200
write, 2, 0, 5066087, 131072, 8192, 200
write, 2, 0, 5075887, 131072, 8192, 200
write, 2, 0, 5072618, 131072, 8192, 200
write, 2, 0, 5068037, 131072, 8192, 200
write, 2, 0, 5067917, 131072, 8192, 200
write, 2, 0, 5074517, 131072, 8192, 200
write, 2, 0, 5068377, 131072, 8192, 200
write, 2, 0, 5067977, 131072, 8192, 200
write, 2, 0, 5067907, 131072, 8192, 200
write, 2, 0, 5077187, 131072, 8192, 200
write, 2, 0, 5068577, 131072, 8192, 200
write, 2, 0, 5068147, 131072, 8192, 200
write, 2, 0, 5068017, 131072, 8192, 200
write, 2, 0, 5071577, 131072, 8192, 200
write, 2, 0, 5066066, 131072, 8192, 200
write, 2, 0, 5067927, 131072, 8192, 200
write, 2, 0, 5066027, 131072, 8192, 200
write, 2, 0, 5069667, 131072, 8192, 200
write, 2, 0, 5067907, 131072, 8192, 200
write, 2, 0, 5068016, 131072, 8192, 200
write, 2, 0, 5069737, 131072, 8192, 200
write, 2, 0, 5067146, 131072, 8192, 200
write, 2, 0, 5066247, 131072, 8192, 200
write, 2, 0, 5067857, 131072, 8192, 200
write, 2, 0, 5071587, 131072, 8192, 200
write, 2, 0, 5068077, 131072, 8192, 200
write, 2, 0, 5067957, 131072, 8192, 200
write, 2, 0, 5067987, 131072, 8192, 200
write, 2, 0, 5071557, 131072, 8192, 200
write, 2, 0, 5063656, 131072, 8192, 200
write, 2, 0, 5073257, 131072, 8192, 200
write, 2, 0, 5071797, 131072, 8192, 200
write, 2, 0, 5066307, 131072, 8192, 200
write, 2, 0, 5066147, 131072, 8192, 200
write, 2, 0, 5063476, 131072, 8192, 200
write, 2, 0, 5071598, 131072, 8192, 200
write, 2, 0, 5067867, 131072, 8192, 200
write, 2, 0, 5067907, 131072, 8192, 200
write, 2, 0, 5066087, 131072, 8192, 200
write, 2, 0, 5069517, 131072, 8192, 200
write, 2, 0, 5067947, 131072, 8192, 200
write, 2, 0, 5067947, 131072, 8192, 200
write, 2, 0, 5067197, 131072, 8192, 200
write, 2, 0, 5071767, 131072, 8192, 200
write, 2, 0, 5066007, 131072, 8192, 200
write, 2, 0, 5065996, 131072, 8192, 200
write, 2, 0, 5071498, 131072, 8192, 200
write, 2, 0, 5066056, 131072, 8192, 200
write, 2, 0, 5067917, 131072, 8192, 200
write, 2, 0, 5067917, 131072, 8192, 200
write, 2, 0, 5076877, 131072, 8192, 200
write, 2, 0, 5068737, 131072, 8192, 200
write, 2, 0, 5066247, 131072, 8192, 200
write, 2, 0, 5063586, 131072, 8192, 200
write, 2, 0, 5072497, 131072, 8192, 200
write, 2, 0, 5070307, 131072, 8192, 200
write, 3, 0, 5078898, 131072, 8192, 200
write, 3, 0, 5075087, 131072, 8192, 200
write, 3, 0, 5070097, 131072, 8192, 200
write, 3, 0, 5068837, 131072, 8192, 200
write, 3, 0, 5068567, 131072, 8192, 200
write, 3, 0, 5072567, 131072, 8192, 200
write, 3, 0, 5066237, 131072, 8192, 200
write, 3, 0, 5068066, 131072, 8192, 200
write, 3, 0, 5066057, 131072, 8192, 200
write, 3, 0, 5081018, 131072, 8192, 200
write, 3, 0, 5068207, 131072, 8192, 200
write, 3, 0, 5066177, 131072, 8192, 200
write, 3, 0, 5071647, 131072, 8192, 200
write, 3, 0, 5066186, 131072, 8192, 200
write, 3, 0, 5066207, 131072, 8192, 200
write, 3, 0, 5068047, 131072, 8192, 200
write, 3, 0, 5072387, 131072, 8192, 200
write, 3, 0, 5067927, 131072, 8192, 200
write, 3, 0, 5066216, 131072, 8192, 200
write, 3, 0, 5067876, 131072, 8192, 200
write, 3, 0, 5071537, 131072, 8192, 200
write, 3, 0, 5066097, 131072, 8192, 200
write, 3, 0, 5066147, 131072, 8192, 200
write, 3, 0, 5071487, 131072, 8192, 200
write, 3, 0, 5070967, 131072, 8192, 200
write, 3, 0, 5068357, 131072, 8192, 200
write, 3, 0, 5066326, 131072, 8192, 200
write, 3, 0, 5071687, 131072, 8192, 200
write, 3, 0, 5066136, 131072, 8192, 200
write, 3, 0, 5073778, 131072, 8192, 200
write, 3, 0, 5068627, 131072, 8192, 200
write, 3, 0, 5071488, 131072, 8192, 200
write, 3, 0, 5067906, 131072, 8192, 200
write, 3, 0, 5067807, 131072, 8192, 200
write, 3, 0, 5067927, 131072, 8192, 200
write, 3, 0, 5071547, 131072, 8192, 200
write, 3, 0, 5068007, 131072, 8192, 200
write, 3, 0, 5067946, 131072, 8192, 200
write, 3, 0, 5071527, 131072, 8192, 200
write, 3, 0, 5067827, 131072, 8192, 200
write, 3, 0, 5067887, 131072, 8192, 200
write, 3, 0, 5066066, 131072, 8192, 200
write, 3, 0, 5071347, 131072, 8192, 200
write, 3, 0, 5066066, 131072, 8192, 200
write, 3, 0, 5067807, 131072, 8192, 200
write, 3, 0, 5066157, 131072, 8192, 200
write, 3, 0, 5071587, 131072, 8192, 200
write, 3, 0, 5067897, 131072, 8192, 200
write, 3, 0, 5067896, 131072, 8192, 200
write, 3, 0, 5076798, 131072, 8192, 200
write, 3, 0, 5068657, 131072, 8192, 200
write, 3, 0, 5068097, 131072, 8192, 200
write, 3, 0, 5067886, 131072, 8192, 200
write, 3, 0, 5069727, 131072, 8192, 200
write, 3, 0, 5067847, 131072, 8192, 200
write, 3, 0, 5067827, 131072, 8192, 200
write, 3, 0, 5067947, 131072, 8192, 200
write, 3, 0, 5071477, 131072, 8192, 200
write, 3, 0, 5066076, 131072, 8192, 200
write, 3, 0, 5066097, 131072, 8192, 200
write, 3, 0, 5067917, 131072, 8192, 200
write, 3, 0, 5071547, 131072, 8192, 200
write, 3, 0, 5067867, 131072, 8192, 200
write, 3, 0, 5066026, 131072, 8192, 200
write, 3, 0, 5071538, 131072, 8192, 200
write, 3, 0, 5067846, 131072, 8192, 200
write, 3, 0, 5067857, 131072, 8192, 200
write, 3, 0, 5067827, 131072, 8192, 200
write, 3, 0, 5071407, 131072, 8192, 200
write, 3, 0, 5067947, 131072, 8192, 200
write, 3, 0, 5073027, 131072, 8192, 200
write, 3, 0, 5068527, 131072, 8192, 200
write, 3, 0, 5071697, 131072, 8192, 200
write, 3, 0, 5066046, 131072, 8192, 200
write, 3, 0, 5067847, 131072, 8192, 200
write, 3, 0, 5074568, 131072, 8192, 200
write, 3, 0, 5068066, 131072, 8192, 200
write, 3, 0, 5067887, 131072, 8192, 200
write, 3, 0, 5066097, 131072, 8192, 200
write, 3, 0, 5071427, 131072, 8192, 200
write, 3, 0, 5067947, 131072, 8192, 200
write, 3, 0, 5067876, 131072, 8192, 200
write, 3, 0, 5067897, 131072, 8192, 200
write, 3, 0, 5071787, 131072, 8192, 200
write, 3, 0, 5067867, 131072, 8192, 200
write, 3, 0, 5067777, 131072, 8192, 200
write, 3, 0, 5071567, 131072, 8192, 200
write, 3, 0, 5066136, 131072, 8192, 200
write, 3, 0, 5067897, 131072, 8192, 200
write, 3, 0, 5063567, 131072, 8192, 200
write, 3, 0, 5076858, 131072, 8192, 200
write, 3, 0, 5068627, 131072, 8192, 200
write, 3, 0, 5068047, 131072, 8192, 200
write, 3, 0, 5067857, 131072, 8192, 200
write, 3, 0, 5071437, 131072, 8192, 200
write, 3, 0, 5067907, 131072, 8192, 200
write, 3, 0, 5067916, 131072, 8192, 200
write, 3, 0, 5067877, 131072, 8192, 200
write, 3, 0, 5072467, 131072, 8192, 200
write, 3, 0, 5070067, 131072, 8192, 200
